,Address,Price,City,Bedrooms,Living-Area,Total-Bathrooms,Home-Type,Distance,Duration
0,"2863 S Bascom Ave APT 808, Campbell, CA 95008",599000,Campbell,2,841.0,2, Condo,38.5,39 mins
1,"6035 Admiralty Pl, San Jose, CA 95123",895000,San Jose,3,1328.0,3, Single Family,42.7,42 mins
2,"761 Bonita Pl, San Jose, CA 95116",642888,San Jose,3,1231.0,3, Townhouse,36.5,37 mins
3,"100 Ballatore Ct, San Jose, CA 95134",999900,San Jose,3,1405.0,3, Townhouse,30.4,32 mins
4,"2664 Senter Rd APT 221, San Jose, CA 95111",550000,San Jose,2,1026.0,2, Condo,40.1,41 mins
5,"3106 Capewood Ln, San Jose, CA 95132",1299000,San Jose,5,2110.0,4, Single Family,35.9,38 mins
6,"3633 Jasmine Cir, San Jose, CA 95135",699000,San Jose,2,1037.0,2, Condo,44.4,46 mins
7,"242 Jersey St, San Francisco, CA 94114",1249000,San Francisco,3,1232.0,1, Condo,11.1,16 mins
8,"168 Dorantes Ave, San Francisco, CA 94116",2575000,San Francisco,4,3216.0,4, Single Family,11.7,17 mins
9,"2257 Fulton St, San Francisco, CA 94117",1199000,San Francisco,2,1350.0,2, Condo,14.0,20 mins
10,"116 Bayview Cir, San Francisco, CA 94124",799000,San Francisco,2,1301.0,2, Single Family,8.7,12 mins
11,"1249 Rhode Island St, San Francisco, CA 94107",1049000,San Francisco,2,1030.0,1, Condo,10.2,12 mins
12,"1397 Barrows Rd, Oakland, CA 94610",949000,Oakland,2,1130.0,1, Single Family,23.4,26 mins
13,"48 Heritage, Oakland, CA 94605",699000,Oakland,3,1636.0,3, Townhouse,29.8,31 mins
14,"77 Starview Dr, Oakland, CA 94618",1150000,Oakland,3,1873.0,3, Townhouse,25.0,26 mins
15,"675 8th St APT 17, Oakland, CA 94607",549000,Oakland,1,800.0,2, Condo,22.1,23 mins
16,"34226 Petard Ter, Fremont, CA 94555",1048000,Fremont,3,1755.0,3, Townhouse,25.6,29 mins
17,"34279 Mimosa Ter, Fremont, CA 94555",1435000,Fremont,4,2159.0,3, Single Family,24.8,28 mins
18,"47232 Cavanaugh Cmn, Fremont, CA 94539",1230000,Fremont,3,1771.0,4, Townhouse,37.4,38 mins
19,"34321 Gadwall Cmn, Fremont, CA 94555",868800,Fremont,2,1554.0,3, Townhouse,26.7,30 mins
20,"169 Rabbit Ct, Fremont, CA 94539",1389000,Fremont,3,1728.0,3, Single Family,38.3,39 mins
21,"49002 Cinnamon Fern Cmn UNIT 312, Fremont, CA 94539",430647,Fremont,3,1382.0,2, Condo,35.1,36 mins
22,"35935 Killorglin Cmn, Fremont, CA 94536",1100000,Fremont,3,1460.0,3, Single Family,29.6,37 mins
23,"34246 Trampini Cmn 78, Fremont, CA 94555",1249800,Fremont,4,2086.0,3, Townhouse,24.8,28 mins
24,"38646 Aurora Ter, Fremont, CA 94536",618000,Fremont,2,1123.0,2, Townhouse,31.2,38 mins
25,"2491 Corriea Way, Fremont, CA 94539",1289900,Fremont,3,1306.0,3, Single Family,32.9,40 mins
26,"34122 Asti Ter, Fremont, CA 94555",1024998,Fremont,3,1701.0,4, Townhouse,24.8,27 mins
27,"3924 Match Point Ave, Santa Rosa, CA 95407",559000,Santa Rosa,3,1617.0,3, Single Family,77.2,1 hour 15 mins
28,"2260 Knolls Hills Cir, Santa Rosa, CA 95405",535000,Santa Rosa,3,1633.0,2, Condo,76.5,1 hour 15 mins
29,"790 Shiloh Cyn, Santa Rosa, CA 95403",4695000,Santa Rosa,5,6874.0,5, Single Family,76.9,1 hour 27 mins
30,"6453 Meadowridge Dr, Santa Rosa, CA 95409",849000,Santa Rosa,3,1800.0,2, Single Family,74.3,1 hour 28 mins
31,"1712 Las Raposas Ct, Santa Rosa, CA 95409",385000,Santa Rosa,3,1220.0,2, Condo,78.0,1 hour 19 mins
32,"2408 Lakeview Dr, Santa Rosa, CA 95405",480000,Santa Rosa,3,1309.0,2, Condo,77.5,1 hour 16 mins
33,"1344 Woodhaven Dr, Santa Rosa, CA 95407",519000,Santa Rosa,3,1245.0,3, Single Family,74.2,1 hour 14 mins
34,"2719 Spindrift Ct, Hayward, CA 94545",1399999,Hayward,5,3651.0,3, Single Family,21.3,25 mins
35,"2514 Admiral Cir, Hayward, CA 94545",965000,Hayward,3,2047.0,3, Single Family,20.5,23 mins
36,"1421 Poppy Ln, Hayward, CA 94545",829000,Hayward,3,1625.0,3, Single Family,20.2,23 mins
37,"2028 Oak Creek Pl, Hayward, CA 94541",549950,Hayward,2,1542.0,3, Townhouse,23.6,31 mins
38,"1140 Walpert St, Hayward, CA 94541",679000,Hayward,3,1856.0,3, Townhouse,22.2,26 mins
39,"25850 Kay Ave APT 128, Hayward, CA 94545",475000,Hayward,2,1007.0,2, Condo,19.7,20 mins
40,"29628 Desert Oak Ct APT 33, Hayward, CA 94544",319999,Hayward,1,531.0,1, Condo,24.2,27 mins
41,"28574 Starboard Ln, Hayward, CA 94545",890000,Hayward,4,1835.0,3, Single Family,20.3,22 mins
42,"27471 Ponderosa Ct, Hayward, CA 94545",626000,Hayward,3,1220.0,2, Townhouse,20.1,22 mins
43,"24 Trestle Dr, Hayward, CA 94544",399500,Hayward,1,870.0,1, Condo,20.8,23 mins
44,"3715 Oakes Dr, Hayward, CA 94542",1199888,Hayward,3,2372.0,3, Single Family,24.3,31 mins
45,"22797 Filbert St, Hayward, CA 94541",799995,Hayward,4,1716.0,4, Townhouse,22.5,26 mins
46,"612 Santa Cruz Ter, Sunnyvale, CA 94085",1498000,Sunnyvale,3,1468.0,3, Single Family,27.4,28 mins
47,"755 Seneca Ter, Sunnyvale, CA 94087",1438000,Sunnyvale,3,1564.0,4, Townhouse,27.3,31 mins
48,"1088 Ed Roth Ter, Sunnyvale, CA 94086",1749000,Sunnyvale,4,1826.0,3, Single Family,30.5,33 mins
49,"448 Costa Mesa Ter APT C, Sunnyvale, CA 94085",788800,Sunnyvale,2,880.0,1, Condo,26.3,29 mins
50,"1078 Doheny Ter, Sunnyvale, CA 94085",1449000,Sunnyvale,4,1947.0,4, Townhouse,28.2,29 mins
51,"903 Sunrose Ter APT 111, Sunnyvale, CA 94086",799500,Sunnyvale,2,1086.0,2, Condo,29.8,33 mins
52,"202 Peppermint Tree Ter UNIT 2, Sunnyvale, CA 94086",1099000,Sunnyvale,2,1251.0,3, Townhouse,28.3,32 mins
53,"1120 Karby Ter UNIT 102, Sunnyvale, CA 94089",949000,Sunnyvale,2,1007.0,2, Townhouse,27.2,27 mins
54,"574 Leyte Ter, Sunnyvale, CA 94089",1349000,Sunnyvale,3,1600.0,3, Townhouse,27.0,27 mins
55,"831 W California Ave UNIT R, Sunnyvale, CA 94086",699800,Sunnyvale,2,760.0,2, Condo,26.2,27 mins
56,"989 Asilomar Ter APT 6, Sunnyvale, CA 94086",1399000,Sunnyvale,3,1895.0,2, Townhouse,26.3,29 mins
57,"1212 Oak Knoll Dr, Concord, CA 94521",1065000,Concord,5,2923.0,3, Single Family,40.8,48 mins
58,"952 Autumn Oak Cir, Concord, CA 94521",1150000,Concord,5,3168.0,4, Single Family,42.0,50 mins
59,"4336 Saint Charles Pl, Concord, CA 94521",499900,Concord,3,1182.0,2, Townhouse,40.4,45 mins
60,"5455 Kirkwood Dr APT B8, Concord, CA 94521",275000,Concord,1,696.0,1, Condo,43.3,52 mins
61,"825 Oak Grove Rd APT 98, Concord, CA 94518",499000,Concord,3,1447.0,2, Condo,38.6,41 mins
62,"3309 Benton St, Santa Clara, CA 95051",1150000,Santa Clara,3,1325.0,2, Condo,31.1,32 mins
63,"2980 Salem Dr, Santa Clara, CA 95051",1124888,Santa Clara,3,1630.0,3, Townhouse,32.3,36 mins
64,"3033 Kaiser Dr UNIT H, Santa Clara, CA 95051",495000,Santa Clara,1,680.0,1, Condo,33.0,37 mins
65,"2380 Homestead Rd UNIT 3103, Santa Clara, CA 95050",499000,Santa Clara,1,624.0,1, Condo,32.6,34 mins
66,"4942 Calle De Escuela, Santa Clara, CA 95054",699800,Santa Clara,2,1108.0,2, Townhouse,30.0,30 mins
67,"1903 Miraplaza Ct APT 16, Santa Clara, CA 95051",799950,Santa Clara,2,1041.0,2, Condo,30.0,32 mins
68,"470 N Winchester Blvd APT 404, Santa Clara, CA 95050",699888,Santa Clara,3,1284.0,2, Townhouse,33.8,36 mins
69,"980 Kiely Blvd UNIT 324, Santa Clara, CA 95051",389888,Santa Clara,1,622.0,1, Condo,32.8,35 mins
70,"801 Woodhams Oaks Pl, Santa Clara, CA 95051",874999,Santa Clara,2,893.0,3, Townhouse,32.1,35 mins
71,"5080 Plaza Corona, Santa Clara, CA 95054",799900,Santa Clara,3,1240.0,2, Townhouse,30.2,31 mins
72,"1555 Farmer Pl, Santa Clara, CA 95051",1499000,Santa Clara,4,1993.0,4, Single Family,30.5,33 mins
73,"173 Saratoga Ave, Santa Clara, CA 95050",1199000,Santa Clara,3,1855.0,3, Townhouse,33.5,36 mins
74,"934 Kiely Blvd UNIT F, Santa Clara, CA 95051",399000,Santa Clara,1,440.0,1, Condo,32.8,35 mins
75,"4519 Laird Cir, Santa Clara, CA 95054",1299800,Santa Clara,3,1700.0,3, Townhouse,31.4,32 mins
76,"2110 Rancho Mccormick Blvd, Santa Clara, CA 95050",1195000,Santa Clara,3,1636.0,3, Townhouse,31.2,32 mins
77,"470 N Winchester Blvd APT 104, Santa Clara, CA 95050",695000,Santa Clara,3,1284.0,2, Townhouse,33.8,36 mins
78,"1883 Agnew Rd UNIT 436, Santa Clara, CA 95054",899800,Santa Clara,3,1361.0,2, Condo,30.4,30 mins
79,"2815 Newhall St, Santa Clara, CA 95050",850000,Santa Clara,2,1267.0,2, Condo,32.7,35 mins
80,"1120 Pomeroy Ave, Santa Clara, CA 95051",819000,Santa Clara,2,947.0,1, Condo,31.4,34 mins
81,"831 Pomeroy Ave UNIT 3, Santa Clara, CA 95051",679000,Santa Clara,2,954.0,2, Condo,31.6,34 mins
82,"8368 Bennington Ct, Vallejo, CA 94591",540000,Vallejo,4,2026.0,3, Single Family,47.5,47 mins
83,"493 Lighthouse Dr, Vallejo, CA 94590",325000,Vallejo,3,1058.0,2, Condo,43.4,47 mins
84,"37 Werden St, Vallejo, CA 94590",249000,Vallejo,3,988.0,2, Condo,43.9,47 mins
85,"108 Camino Del Sol, Vallejo, CA 94591",674000,Vallejo,4,2306.0,3, Single Family,43.1,44 mins
86,"197 Lighthouse Dr, Vallejo, CA 94590",239900,Vallejo,1,718.0,1, Condo,43.3,46 mins
87,"248 Boulder Dr, Vallejo, CA 94589",290000,Vallejo,2,1248.0,2, Single Family,45.6,47 mins
88,"1583 Arch St, Berkeley, CA 94708",829000,Berkeley,2,1132.0,2, Condo,24.5,33 mins
89,"3154 College Ave APT 4, Berkeley, CA 94705",775000,Berkeley,1,940.0,1, Condo,22.5,25 mins
90,"9 Greenwood Cmn, Berkeley, CA 94708",1595000,Berkeley,3,1671.0,2, Single Family,25.0,35 mins
91,"1801 University Ave UNIT 202, Berkeley, CA 94703",575000,Berkeley,2,600.0,1, Condo,23.5,28 mins
92,"2649 San Pablo Ave APT 3, Berkeley, CA 94702",589000,Berkeley,3,1100.0,2, Condo,21.9,25 mins
93,"1104 Woodside Rd, Berkeley, CA 94708",1699000,Berkeley,5,3572.0,4, Single Family,27.0,37 mins
94,"2804 Hillegass Ave 2, Berkeley, CA 94705",898000,Berkeley,2,1006.0,1, Condo,23.2,27 mins
95,"4118 Rowland Dr, Fairfield, CA 94533",665000,Fairfield,5,2647.0,3, Single Family,60.8,1 hour 0 mins
96,"3269 Inwood Pl, Fairfield, CA 94534",510000,Fairfield,2,1409.0,2, Single Family,59.3,1 hour 1 min
97,"4109 Cedar Creek Ct, Fairfield, CA 94534",526000,Fairfield,3,1783.0,2, Single Family,52.5,53 mins
98,"3553 Tidewater Pl, Fairfield, CA 94533",525000,Fairfield,4,2012.0,3, Single Family,60.0,58 mins
99,"2430 Bay Hill Dr, Fairfield, CA 94534",599000,Fairfield,3,1635.0,2, Single Family,57.7,58 mins
100,"3349 Pebble Beach Ct, Fairfield, CA 94534",1149000,Fairfield,5,4523.0,5, Single Family,58.4,59 mins
101,"4217 Duke Ct, Fairfield, CA 94534",615000,Fairfield,4,2380.0,3, Single Family,52.5,53 mins
102,"4256 Farleigh Ct, Fairfield, CA 94534",579000,Fairfield,3,2364.0,3, Single Family,52.4,52 mins
103,"822 Bridle Ridge Dr, Fairfield, CA 94534",918000,Fairfield,4,3499.0,3, Single Family,52.7,54 mins
104,"55 Villa Cir, Fairfield, CA 94533",175000,Fairfield,2,968.0,2, Condo,60.2,1 hour 1 min
105,"870 Emerald Hills Cir, Fairfield, CA 94533",570000,Fairfield,3,1958.0,2, Single Family,60.7,1 hour 0 mins
106,"4279 Valley Ln, Fairfield, CA 94534",2599000,Fairfield,4,5115.0,4, Single Family,53.4,53 mins
107,"104 Roseburg Way, Fairfield, CA 94534",390000,Fairfield,3,1240.0,3, Condo,57.8,55 mins
108,"1698 River Oaks Cir, Fairfield, CA 94533",685000,Fairfield,4,3408.0,3, Single Family,60.7,1 hour 0 mins
109,"10 Alhambra Ct, Antioch, CA 94509",575000,Antioch,3,2030.0,3, Single Family,56.8,56 mins
110,"2958 Winding Ln 86, Antioch, CA 94531",269900,Antioch,2,871.0,2, Condo,57.8,58 mins
111,"1816 Crater Peak Way, Antioch, CA 94531",440000,Antioch,3,1267.0,3, Single Family,57.2,58 mins
112,"2817 Winding Ln, Antioch, CA 94531",305000,Antioch,3,1061.0,2, Condo,57.7,58 mins
113,"1415 Sweetwood Dr, Daly City, CA 94015",899000,Daly City,2,1030.0,1, Single Family,8.0,10 mins
114,"1551 Southgate Ave APT 157, Daly City, CA 94015",515808,Daly City,1,813.0,1, Condo,7.8,9 mins
115,"1551 Southgate Ave APT 358, Daly City, CA 94015",669500,Daly City,2,1029.0,2, Condo,7.8,9 mins
116,"291 County Street B, Daly City, CA 94014",849000,Daly City,3,1600.0,2, Condo,8.2,11 mins
117,"55 W 20th Ave APT 202, San Mateo, CA 94403",899000,San Mateo,2,1234.0,2, Condo,8.2,9 mins
118,"938 Peninsula Ave, San Mateo, CA 94401",898000,San Mateo,2,1152.0,2, Townhouse,4.4,6 mins
119,"1311 Wayne Way, San Mateo, CA 94403",1299000,San Mateo,2,1540.0,3, Townhouse,8.7,11 mins
120,"3385 La Selva St APT C, San Mateo, CA 94403",745000,San Mateo,3,905.0,2, Condo,8.3,10 mins
121,"1253 Shoal Dr, San Mateo, CA 94404",1695000,San Mateo,3,1690.0,3, Single Family,7.9,11 mins
122,"804 Bermuda Dr, San Mateo, CA 94403",1398000,San Mateo,4,1820.0,3, Single Family,7.5,8 mins
123,"330 Torrey Pines Ct, Vacaville, CA 95687",459000,Vacaville,3,1597.0,3, Single Family,66.1,1 hour 6 mins
124,"1000 Chauncy Ct, Vacaville, CA 95688",499000,Vacaville,3,1408.0,3, Single Family,67.2,1 hour 5 mins
125,"100 American Way, Vacaville, CA 95687",385000,Vacaville,3,1734.0,3, Single Family,66.5,1 hour 7 mins
126,"325 Gabiano Ct, Vacaville, CA 95687",410000,Vacaville,3,1229.0,3, Single Family,64.0,1 hour 2 mins
127,"113 Currant Ln, Vacaville, CA 95687",499999,Vacaville,2,1597.0,2, Single Family,67.1,1 hour 7 mins
128,"104 Glacier Cir, Vacaville, CA 95687",399000,Vacaville,3,1440.0,2, Single Family,67.5,1 hour 6 mins
129,"490 Edgewood Dr APT 25, Vacaville, CA 95688",275000,Vacaville,2,1224.0,2, Condo,63.9,1 hour 1 min
130,"2006 Pinecrest Ct, Vacaville, CA 95688",1199999,Vacaville,4,3850.0,4, Single Family,66.5,1 hour 6 mins
131,"130 Arcadia Dr, Vacaville, CA 95687",340000,Vacaville,3,1379.0,3, Condo,66.7,1 hour 5 mins
132,"433 Harlan St APT 107, San Leandro, CA 94577",385000,San Leandro,2,803.0,2, Condo,27.1,29 mins
133,"251 Castro St, San Leandro, CA 94577",349888,San Leandro,1,860.0,1, Condo,26.3,29 mins
134,"700 Fargo Ave APT 1, San Leandro, CA 94579",489000,San Leandro,3,1100.0,3, Townhouse,24.3,24 mins
135,"15065 Hesperian Blvd APT 26, San Leandro, CA 94578",399000,San Leandro,2,822.0,2, Single Family,24.6,27 mins
136,"1450 Thrush Ave APT 16, San Leandro, CA 94578",385000,San Leandro,2,820.0,2, Condo,27.9,29 mins
137,"2505 Miramar Ave APT 115, Castro Valley, CA 94546",519000,Castro Valley,2,1063.0,2, Condo,26.9,28 mins
138,"1570 165th Ave APT 203, San Leandro, CA 94578",425000,San Leandro,2,928.0,2, Condo,25.8,27 mins
139,"14057 Doolittle Dr, San Leandro, CA 94577",448888,San Leandro,2,1250.0,2, Condo,26.4,30 mins
140,"740 Fargo Ave APT 8, San Leandro, CA 94579",438000,San Leandro,2,840.0,2, Condo,24.3,24 mins
141,"871 Old Oak Rd, Livermore, CA 94550",1479950,Livermore,4,2532.0,3, Single Family,46.4,48 mins
142,"2784 Kellogg Loop, Livermore, CA 94550",1350000,Livermore,4,3287.0,4, Single Family,50.0,51 mins
143,"2250 Rapallo Cmn, Livermore, CA 94551",849950,Livermore,4,2061.0,3, Single Family,44.6,45 mins
144,"2982 Sage Cmn, Livermore, CA 94551",819950,Livermore,3,1786.0,3, Single Family,43.0,42 mins
145,"3027 Rivers Bend Cir, Livermore, CA 94550",1289950,Livermore,5,3020.0,3, Single Family,46.3,49 mins
146,"1337 Spring Valley Cmn, Livermore, CA 94551",574900,Livermore,3,1274.0,3, Townhouse,46.2,45 mins
147,"681 Selby Ln UNIT 4, Livermore, CA 94551",738888,Livermore,3,1806.0,2, Condo,43.0,42 mins
148,"3941 Portola Cmn UNIT 4, Livermore, CA 94551",675000,Livermore,2,1580.0,3, Condo,45.7,46 mins
149,"1817 Monterey Dr, Livermore, CA 94551",530000,Livermore,3,1274.0,3, Townhouse,46.5,45 mins
150,"2784 Patcham Cmn, Livermore, CA 94550",809900,Livermore,4,1927.0,4, Single Family,45.2,46 mins
151,"5432 Theresa Way, Livermore, CA 94550",800000,Livermore,3,1583.0,2, Single Family,47.9,49 mins
152,"1087 Murrieta Blvd APT 240, Livermore, CA 94550",398000,Livermore,1,758.0,1, Condo,45.5,48 mins
153,"3552 Shelter Creek Dr, Napa, CA 94558",420000,Napa,3,1350.0,2, Condo,61.6,1 hour 10 mins
154,"3191 Tiffanie Ln, Napa, CA 94558",1295000,Napa,5,3360.0,3, Single Family,59.5,1 hour 4 mins
155,"158 Luke Dr, Napa, CA 94558",1465000,Napa,4,2998.0,4, Single Family,62.5,1 hour 10 mins
156,"21 Lighthouse Ct, Napa, CA 94559",1395000,Napa,4,2190.0,3, Single Family,57.8,1 hour 5 mins
157,"242 Buttercup Ct, Napa, CA 94559",1190000,Napa,4,2730.0,4, Single Family,57.6,1 hour 6 mins
158,"407 Bear Creek Cir, Napa, CA 94558",2099000,Napa,4,3281.0,5, Single Family,62.1,1 hour 15 mins
159,"77 Village Pkwy, Napa, CA 94558",420000,Napa,2,1376.0,3, Condo,57.7,1 hour 2 mins
160,"33 Woodhill Dr, Redwood City, CA 94061",3495000,Redwood City,3,2870.0,3, Single Family,19.9,19 mins
161,"1318 Woodside Rd, Redwood City, CA 94061",899000,Redwood City,2,1360.0,2, Condo,15.9,20 mins
162,"1233 Sanchez Way, Redwood City, CA 94061",1450000,Redwood City,3,1490.0,3, Single Family,15.7,20 mins
163,"742 Newport Cir, Redwood City, CA 94065",2399932,Redwood City,4,1790.0,3, Single Family,10.6,14 mins
164,"812 Palm Ave, Redwood City, CA 94061",1378000,Redwood City,3,1760.0,3, Single Family,15.2,19 mins
165,"216 Alden St, Redwood City, CA 94063",849900,Redwood City,2,1026.0,2, Townhouse,12.9,15 mins
166,"548 Shorebird Cir UNIT 3203, Redwood City, CA 94065",1298000,Redwood City,2,1667.0,2, Condo,10.4,13 mins
167,"217 Bradbury Ln, Redwood City, CA 94061",1799000,Redwood City,4,2150.0,3, Single Family,15.6,20 mins
168,"137 Laurel Way, Mountain View, CA 94040",1599000,Mountain View,3,1339.0,3, Single Family,23.1,26 mins
169,"452 Mountain Laurel Ct, Mountain View, CA 94043",1380000,Mountain View,3,1417.0,3, Townhouse,23.9,26 mins
170,"150 Pacchetti Way, Mountain View, CA 94040",1495000,Mountain View,3,1421.0,3, Townhouse,23.0,25 mins
171,"400 Ortega Ave APT 118, Mountain View, CA 94040",949800,Mountain View,2,1013.0,2, Condo,23.4,27 mins
172,"305 Woodland Park Ln, Mountain View, CA 94043",2250000,Mountain View,4,2264.0,3, Single Family,23.8,25 mins
173,"1108 Carlos Privada, Mountain View, CA 94040",2295000,Mountain View,4,2493.0,3, Single Family,26.0,27 mins
174,"2025 California St APT 36, Mountain View, CA 94040",798000,Mountain View,2,895.0,1, Condo,23.5,26 mins
175,"1920 Rock St APT 14, Mountain View, CA 94043",998000,Mountain View,3,1337.0,2, Townhouse,22.6,23 mins
176,"451 Farrel Ct, Mountain View, CA 94043",1888000,Mountain View,4,1925.0,3, Single Family,25.1,25 mins
177,"505 Cypress Point Dr UNIT 17, Mountain View, CA 94043",615000,Mountain View,1,662.0,1, Condo,24.5,25 mins
178,"836 Bourbon Ct, Mountain View, CA 94041",2198888,Mountain View,3,2120.0,3, Single Family,25.8,26 mins
179,"1939 Rock St APT 9, Mountain View, CA 94043",788888,Mountain View,2,805.0,1, Townhouse,22.5,23 mins
180,"255 S Rengstorff Ave APT 62, Mountain View, CA 94040",1095000,Mountain View,3,1292.0,2, Single Family,23.2,25 mins
181,"96 Flynn Ave APT C, Mountain View, CA 94043",998000,Mountain View,3,1215.0,2, Townhouse,24.5,26 mins
182,"2047 Montecito Ave APT 12, Mountain View, CA 94043",850000,Mountain View,2,1000.0,2, Townhouse,22.8,24 mins
183,"2506 W Middlefield Rd, Mountain View, CA 94043",949000,Mountain View,2,968.0,2, Townhouse,22.3,23 mins
184,"928 Wright Ave APT 1101, Mountain View, CA 94043",1299000,Mountain View,3,1414.0,2, Condo,23.7,24 mins
185,"49 Showers Dr APT F433, Mountain View, CA 94040",1450000,Mountain View,3,1526.0,3, Townhouse,23.4,28 mins
186,"151 Irene Ct, Mountain View, CA 94043",1425000,Mountain View,3,1440.0,3, Townhouse,25.0,26 mins
187,"234 Evandale Ave, Mountain View, CA 94043",1998000,Mountain View,4,2002.0,3, Single Family,24.8,25 mins
188,"532 Tyrella Ave APT 49, Mountain View, CA 94043",998000,Mountain View,3,1128.0,2, Townhouse,24.2,24 mins
189,"2762 Bette St, Alameda, CA 94501",1198888,Alameda,3,2131.0,3, Single Family,24.8,28 mins
190,"145 Oak Park Dr, Alameda, CA 94502",750000,Alameda,2,1658.0,3, Single Family,32.8,37 mins
191,"1701 Central Ave W, Alameda, CA 94501",625000,Alameda,2,1148.0,2, Single Family,25.9,31 mins
192,"2101 Shoreline Dr APT 427, Alameda, CA 94501",599000,Alameda,2,1015.0,2, Condo,26.6,34 mins
193,"456 Centre Ct, Alameda, CA 94502",650000,Alameda,2,1042.0,1, Condo,32.6,37 mins
194,"1311 Webster St APT E103, Alameda, CA 94501",469000,Alameda,2,1007.0,2, Condo,25.0,31 mins
195,"2813 Bayview Dr, Alameda, CA 94501",998000,Alameda,3,2120.0,3, Single Family,27.4,33 mins
196,"1308 Crown Dr, Alameda, CA 94501",1095000,Alameda,3,1946.0,3, Townhouse,25.5,31 mins
197,"1321 Webster St APT D212, Alameda, CA 94501",325000,Alameda,1,499.0,1, Condo,25.1,31 mins
198,"325 Kitty Hawk Rd UNIT 208, Alameda, CA 94501",495000,Alameda,2,812.0,1, Condo,26.3,33 mins
199,"1001 Shoreline Dr APT 407, Alameda, CA 94501",695000,Alameda,2,1372.0,2, Condo,25.7,31 mins
200,"458 Diller St, Alameda, CA 94501",995000,Alameda,3,2072.0,3, Condo,24.5,27 mins
201,"1333 Webster St APT A217, Alameda, CA 94501",459000,Alameda,2,843.0,1, Condo,25.0,30 mins
202,"218 Creedon Cir, Alameda, CA 94502",2000000,Alameda,4,2951.0,3, Single Family,33.4,38 mins
203,"1625 Cruiser Ln, Alameda, CA 94501",1420000,Alameda,4,2159.0,4, Single Family,26.8,32 mins
204,"2101 Shoreline Dr APT 147, Alameda, CA 94501",699000,Alameda,2,1090.0,2, Condo,26.6,34 mins
205,"2779 5th St, Alameda, CA 94501",995000,Alameda,3,1905.0,4, Townhouse,24.6,27 mins
206,"512 Centre Ct, Alameda, CA 94502",650000,Alameda,1,1042.0,1, Condo,32.7,38 mins
207,"339 Broadway APT 207, Alameda, CA 94501",525000,Alameda,2,903.0,1, Condo,27.2,32 mins
208,"428 Hollister Ave, Alameda, CA 94501",1195000,Alameda,4,2219.0,3, Single Family,24.9,28 mins
209,"2106 Otis Dr APT D, Alameda, CA 94501",598000,Alameda,2,1078.0,2, Condo,26.4,32 mins
210,"1871 Gresham Dr, Alameda, CA 94501",975500,Alameda,3,1365.0,3, Single Family,24.8,28 mins
211,"906 Regalo Way, San Ramon, CA 94583",1600000,San Ramon,4,3780.0,4, Single Family,36.2,41 mins
212,"625 Burney Creek Pl, San Ramon, CA 94582",1224900,San Ramon,5,2566.0,3, Single Family,38.9,40 mins
213,"5250 E Lakeshore Dr, San Ramon, CA 94582",1259900,San Ramon,3,2000.0,3, Single Family,44.1,46 mins
214,"4864 Cornflower St, San Ramon, CA 94582",1279800,San Ramon,5,2545.0,4, Single Family,42.2,46 mins
215,"1501 Cedarwood Loop, San Ramon, CA 94582",899000,San Ramon,4,1692.0,3, Townhouse,42.2,46 mins
216,"446 Watsonia Ct, San Ramon, CA 94582",1398000,San Ramon,4,3164.0,3, Single Family,41.9,45 mins
217,"361 Meadowood Cir, San Ramon, CA 94583",729900,San Ramon,3,1311.0,2, Single Family,40.6,43 mins
218,"2664 Celaya Cir, San Ramon, CA 94583",1295000,San Ramon,4,2586.0,3, Single Family,35.9,41 mins
219,"1321 Bayberry View Ln, San Ramon, CA 94582",1358000,San Ramon,4,2501.0,4, Single Family,42.0,45 mins
220,"1337 Bayberry View Ln, San Ramon, CA 94582",1359000,San Ramon,4,2906.0,5, Single Family,41.9,45 mins
221,"4908 Ivyleaf Springs Rd, San Ramon, CA 94582",774900,San Ramon,3,1730.0,3, Condo,42.5,47 mins
222,"9005 Alcosta Blvd APT 202, San Ramon, CA 94583",468000,San Ramon,2,1248.0,3, Townhouse,38.2,37 mins
223,"341 Goldfield Pl, San Ramon, CA 94582",1365000,San Ramon,4,2534.0,3, Single Family,40.4,42 mins
224,"1146 S Chanterella Dr, San Ramon, CA 94582",1350000,San Ramon,4,2225.0,3, Single Family,42.4,43 mins
225,"451 Donner Way, San Ramon, CA 94582",1199888,San Ramon,4,2608.0,3, Single Family,44.0,46 mins
226,"40 Terraced Hills Cir, San Ramon, CA 94583",979000,San Ramon,3,1675.0,3, Single Family,38.7,38 mins
227,"6008 Lakeview Cir, San Ramon, CA 94582",1135000,San Ramon,4,2608.0,3, Single Family,43.9,45 mins
228,"390 S Overlook Dr, San Ramon, CA 94582",615000,San Ramon,2,1079.0,2, Condo,42.2,44 mins
229,"174 Copper Ridge Rd, San Ramon, CA 94582",610000,San Ramon,2,1079.0,2, Condo,42.0,43 mins
230,"3471 Ashbourne Cir, San Ramon, CA 94583",2350000,San Ramon,5,5312.0,6, Single Family,35.4,41 mins
231,"3336 Ironwood Dr, San Ramon, CA 94582",1749000,San Ramon,4,3243.0,4, Single Family,42.7,46 mins
232,"7648 Stoneleaf Rd, San Ramon, CA 94582",869000,San Ramon,3,2228.0,3, Condo,42.7,46 mins
233,"1151 Mataro Ct, Pleasanton, CA 94566",1449000,Pleasanton,4,2451.0,3, Single Family,42.8,46 mins
234,"3759 Rose Rock Cir, Pleasanton, CA 94588",1099000,Pleasanton,4,2337.0,3, Single Family,40.2,41 mins
235,"665 Palomino Dr A, Pleasanton, CA 94566",605000,Pleasanton,2,1198.0,2, Townhouse,40.8,41 mins
236,"3024 Bolero Ct, Pleasanton, CA 94588",965000,Pleasanton,4,1928.0,3, Townhouse,39.1,40 mins
237,"8080 Canyon Creek Cir, Pleasanton, CA 94588",999000,Pleasanton,3,1650.0,3, Single Family,34.3,35 mins
238,"7710 Creekside Dr, Pleasanton, CA 94588",889000,Pleasanton,3,1828.0,3, Townhouse,36.3,36 mins
239,"7308 Stonedale Dr, Pleasanton, CA 94588",799000,Pleasanton,3,1525.0,2, Townhouse,36.6,37 mins
240,"7904 Kemper Ct, Pleasanton, CA 94588",1480000,Pleasanton,4,3021.0,3, Single Family,40.7,41 mins
241,"4837 Saginaw Cir, Pleasanton, CA 94588",668000,Pleasanton,3,1130.0,2, Townhouse,39.7,41 mins
242,"5764 Belleza Dr, Pleasanton, CA 94588",900000,Pleasanton,4,1928.0,3, Townhouse,39.2,40 mins
243,"4132 Parma Ct, Pleasanton, CA 94566",4988000,Pleasanton,5,8363.0,7, Single Family,49.6,48 mins
244,"3857 Vine St, Pleasanton, CA 94566",675000,Pleasanton,2,1221.0,3, Townhouse,41.6,44 mins
245,"2281 Doccia Ct, Pleasanton, CA 94566",1928000,Pleasanton,5,3396.0,3, Single Family,48.1,52 mins
246,"118 Barias Pl, Pleasanton, CA 94566",1169000,Pleasanton,3,1766.0,3, Single Family,41.4,44 mins
247,"7887 Medinah Ct, Pleasanton, CA 94588",1495000,Pleasanton,4,3021.0,3, Single Family,40.7,42 mins
248,"5144 Angelico Ct, Pleasanton, CA 94588",989000,Pleasanton,3,1482.0,3, Single Family,38.3,39 mins
249,"2329 Silver Oaks Ln, Pleasanton, CA 94566",2825000,Pleasanton,4,4106.0,5, Single Family,43.7,48 mins
250,"2873 Brezza Ct, Pleasanton, CA 94566",4995000,Pleasanton,5,8300.0,6, Single Family,47.3,50 mins
251,"5507 Baldwin Way, Pleasanton, CA 94588",799000,Pleasanton,2,1501.0,3, Townhouse,36.4,37 mins
252,"1808 Zenato Pl, Pleasanton, CA 94566",3125000,Pleasanton,5,5643.0,6, Single Family,47.2,49 mins
253,"7365 Stonedale Dr, Pleasanton, CA 94588",725000,Pleasanton,2,1502.0,3, Townhouse,36.6,38 mins
254,"5331 Black Ave APT 1, Pleasanton, CA 94566",825000,Pleasanton,3,1690.0,3, Townhouse,39.1,40 mins
255,"1604 Lexington Ln, Pleasanton, CA 94566",1289000,Pleasanton,4,2844.0,4, Single Family,39.4,39 mins
256,"4449 Alamo St, Union City, CA 94587",629000,Union City,3,1298.0,2, Townhouse,22.6,29 mins
257,"32060 Paloma Ct, Union City, CA 94587",579800,Union City,2,1126.0,3, Townhouse,23.5,31 mins
258,"34776 Rumford Ter, Union City, CA 94587",850000,Union City,3,1492.0,3, Townhouse,27.7,33 mins
259,"218 Galano Plz, Union City, CA 94587",499000,Union City,2,880.0,2, Condo,29.4,37 mins
260,"212 Entrada Plz, Union City, CA 94587",475000,Union City,2,710.0,1, Condo,26.9,32 mins
261,"4504 Ventura Way, Union City, CA 94587",548000,Union City,2,875.0,1, Townhouse,22.6,28 mins
262,"35520 Monterra Ter APT 304, Union City, CA 94587",425000,Union City,1,695.0,1, Condo,27.8,33 mins
263,"35560 Monterra Ter APT 101, Union City, CA 94587",649950,Union City,3,1200.0,2, Condo,28.0,34 mins
264,"4246 Miramonte Way, Union City, CA 94587",579000,Union City,3,1298.0,2, Townhouse,22.5,28 mins
265,"2572 Village Dr, Union City, CA 94587",785000,Union City,3,1524.0,3, Townhouse,25.2,26 mins
266,"2612 Copa Del Oro Dr, Union City, CA 94587",525000,Union City,2,966.0,2, Condo,25.3,26 mins
267,"2977 Miraloma Way, Union City, CA 94587",1214738,Union City,4,2357.0,3, Single Family,22.3,28 mins
268,"4765 Randi Ct, Union City, CA 94587",969593,Union City,4,1683.0,3, Single Family,23.1,29 mins
269,"416 Dempsey Rd UNIT 217, Milpitas, CA 95035",458000,Milpitas,2,842.0,1, Condo,34.6,37 mins
270,"167 Cobblestone Loop, Milpitas, CA 95035",1198000,Milpitas,3,1672.0,3, Single Family,33.4,35 mins
271,"316 Lynn Ave, Milpitas, CA 95035",620000,Milpitas,2,976.0,2, Condo,34.8,37 mins
272,"501 Folsom Cir, Milpitas, CA 95035",998888,Milpitas,2,1459.0,3, Single Family,33.5,35 mins
273,"211 Wild Rose Way, Milpitas, CA 95035",1199000,Milpitas,4,2105.0,4, Townhouse,34.8,36 mins
274,"1403 Cherry Cir, Milpitas, CA 95035",939888,Milpitas,3,1631.0,3, Townhouse,34.6,37 mins
275,"522 Bayview Park Dr, Milpitas, CA 95035",1149000,Milpitas,3,1464.0,2, Single Family,34.9,38 mins
276,"1403 Nestwood Way, Milpitas, CA 95035",1128000,Milpitas,3,1951.0,2, Townhouse,32.4,34 mins
277,"600 S Abel St UNIT 304, Milpitas, CA 95035",758000,Milpitas,2,1259.0,2, Condo,33.1,34 mins
278,"924 Smith Ln, Milpitas, CA 95035",1249800,Milpitas,4,2147.0,4, Single Family,33.7,35 mins
279,"1361 Coyote Creek Way, Milpitas, CA 95035",1050000,Milpitas,3,1668.0,4, Townhouse,32.3,33 mins
280,"340 Moretti Ln, Milpitas, CA 95035",1100000,Milpitas,3,1522.0,3, Single Family,34.6,37 mins
281,"407 Bayberry Way, Milpitas, CA 95035",1124950,Milpitas,3,1536.0,3, Townhouse,33.4,36 mins
282,"1418 Lavender Loop, Milpitas, CA 95035",939000,Milpitas,3,1631.0,3, Condo,34.6,37 mins
283,"336 Montecito Way, Milpitas, CA 95035",919999,Milpitas,3,1375.0,3, Townhouse,34.9,36 mins
284,"19 Jacklin Cir, Milpitas, CA 95035",1099500,Milpitas,3,1657.0,3, Single Family,33.9,36 mins
285,"198 Parc Place Dr, Milpitas, CA 95035",738888,Milpitas,2,1031.0,2, Townhouse,33.7,37 mins
286,"1186 Claridad Loop, Milpitas, CA 95035",1299950,Milpitas,5,2524.0,4, Single Family,33.2,35 mins
287,"183 Douglas Ct, Milpitas, CA 95035",1549000,Milpitas,4,2247.0,3, Single Family,33.9,37 mins
288,"45 Curtis Ave, Milpitas, CA 95035",750000,Milpitas,2,1192.0,3, Condo,33.5,35 mins
289,"209 Sunnyhills Ct, Milpitas, CA 95035",741200,Milpitas,3,1044.0,2, Condo,35.0,36 mins
290,"1606 Hidden Creek Ln, Milpitas, CA 95035",1238000,Milpitas,4,2413.0,4, Single Family,34.5,34 mins
291,"1128 California Cir, Milpitas, CA 95035",1023000,Milpitas,3,1859.0,4, Townhouse,34.7,34 mins
292,"1435 Nightshade 21, Milpitas, CA 95035",759888,Milpitas,2,1072.0,2, Condo,34.7,38 mins
293,"3291 Berryessa St APT 3, Palo Alto, CA 94303",1388000,Palo Alto,3,1456.0,2, Townhouse,20.7,22 mins
294,"3073 Middlefield Rd APT 201, Palo Alto, CA 94306",1495000,Palo Alto,3,1480.0,2, Condo,21.0,22 mins
295,"1982 W Bayshore Rd APT 237, East Palo Alto, CA 94303",798000,East Palo Alto,2,1197.0,2, Condo,20.1,20 mins
296,"911 Pinto Ct, Walnut Creek, CA 94596",1289000,Walnut Creek,3,1843.0,2, Single Family,37.4,37 mins
297,"1713 S Villa Way, Walnut Creek, CA 94595",525000,Walnut Creek,1,932.0,2, Condo,34.7,37 mins
298,"1952 Via Appia, Walnut Creek, CA 94598",799000,Walnut Creek,3,1898.0,3, Townhouse,37.3,42 mins
299,"541 Monarch Ridge Dr, Walnut Creek, CA 94597",859000,Walnut Creek,2,1893.0,3, Townhouse,33.8,35 mins
300,"1983 La Corso Ct, Walnut Creek, CA 94598",775000,Walnut Creek,3,1457.0,2, Townhouse,37.3,42 mins
301,"1470 Creekside Dr APT 30, Walnut Creek, CA 94596",515000,Walnut Creek,2,1128.0,2, Condo,36.2,36 mins
302,"1012 San Souci, Walnut Creek, CA 94597",560000,Walnut Creek,2,1073.0,2, Townhouse,35.5,38 mins
303,"3316 Terra Granada Dr APT 1B, Walnut Creek, CA 94595",1298000,Walnut Creek,3,1830.0,2, Condo,36.9,43 mins
304,"1876 Countrywood Ct, Walnut Creek, CA 94598",649000,Walnut Creek,2,1036.0,2, Townhouse,37.5,40 mins
305,"1696 Countrywood Ct, Walnut Creek, CA 94598",675000,Walnut Creek,3,1568.0,3, Townhouse,37.4,40 mins
306,"828 Foxtail Ct, Walnut Creek, CA 94598",1699000,Walnut Creek,5,3121.0,3, Single Family,39.7,47 mins
307,"1580 Pyrenees Pl, Walnut Creek, CA 94598",975000,Walnut Creek,4,2483.0,3, Single Family,36.7,41 mins
308,"147 Vista Hermosa, Walnut Creek, CA 94597",649000,Walnut Creek,2,1405.0,3, Townhouse,34.5,36 mins
309,"2200 Gellert Blvd APT 6204, South San Francisco, CA 94080",875000,South San Francisco,2,1082.0,2, Condo,4.8,6 mins
310,"1488 El Camino Real UNIT 209, South San Francisco, CA 94080",929998,South San Francisco,2,990.0,2, Condo,1.9,6 mins
311,"85 Idlewood Ct, South San Francisco, CA 94080",1428000,South San Francisco,4,2150.0,3, Single Family,3.4,8 mins
312,"1488 El Camino Real UNIT P15, South San Francisco, CA 94080",620000,South San Francisco,1,670.0,1, Condo,4.7,10 mins
313,"3855 Carter Dr APT 105, South San Francisco, CA 94080",688000,South San Francisco,2,1090.0,2, Condo,5.7,9 mins
314,"955 Ridgeview Ct UNIT B, South San Francisco, CA 94080",679000,South San Francisco,2,950.0,1, Condo,5.1,8 mins
315,"124 Sonja Rd, South San Francisco, CA 94080",1298000,South San Francisco,3,1740.0,2, Single Family,5.3,9 mins
316,"312 Crown Cir, South San Francisco, CA 94080",998000,South San Francisco,2,1490.0,3, Townhouse,6.9,11 mins
317,"455 El Camino Real APT 405, South San Francisco, CA 94080",599888,South San Francisco,1,730.0,1, Condo,3.2,6 mins
318,"2210 Gellert Blvd APT 5312, South San Francisco, CA 94080",998000,South San Francisco,3,1290.0,2, Condo,4.7,6 mins
319,"11 Moonlight Ct, South San Francisco, CA 94080",1280000,South San Francisco,3,1900.0,3, Single Family,4.4,7 mins
320,"3721 Carter Dr APT 1307, South San Francisco, CA 94080",868000,South San Francisco,2,1040.0,2, Condo,5.4,9 mins
321,"3550 Carter Dr APT 10, South San Francisco, CA 94080",850000,South San Francisco,3,1644.0,3, Condo,5.3,9 mins
322,"1049 Cape May Dr, Pittsburg, CA 94565",475000,Pittsburg,4,2135.0,3, Single Family,49.3,51 mins
323,"168 Pelican Loop, Pittsburg, CA 94565",525000,Pittsburg,4,1927.0,3, Townhouse,51.4,53 mins
324,"404 Bay Crest Dr, Pittsburg, CA 94565",449000,Pittsburg,3,1825.0,3, Townhouse,51.3,53 mins
325,"1245 Lakeview Cir, Pittsburg, CA 94565",208888,Pittsburg,1,527.0,1, Condo,52.3,53 mins
326,"1983 Cardiff Dr, Pittsburg, CA 94565",410000,Pittsburg,3,1143.0,2, Single Family,50.6,51 mins
327,"10190 Vista Dr, Cupertino, CA 95014",1698000,Cupertino,3,1962.0,3, Townhouse,30.7,31 mins
328,"20488 Stevens Creek Blvd APT 1711, Cupertino, CA 95014",1299000,Cupertino,2,1317.0,2, Condo,30.9,33 mins
329,"20488 Stevens Creek Blvd APT 2314, Cupertino, CA 95014",1398000,Cupertino,2,1500.0,2, Condo,31.0,31 mins
330,"19850 Portal Plz, Cupertino, CA 95014",1388800,Cupertino,2,1326.0,3, Townhouse,32.0,32 mins
331,"10546 Red Fir Ct, Cupertino, CA 95014",1349000,Cupertino,3,1202.0,2, Townhouse,30.4,31 mins
332,"10090 Pasadena Ave APT A4, Cupertino, CA 95014",1325000,Cupertino,3,1491.0,2, Condo,29.7,30 mins
333,"21098 White Fir Ct, Cupertino, CA 95014",1098000,Cupertino,3,1003.0,2, Townhouse,30.5,31 mins
334,"19503 Stevens Creek Blvd SUITE 328, Cupertino, CA 95014",933000,Cupertino,2,1102.0,2, Condo,31.5,31 mins
335,"19882 Portal Plz, Cupertino, CA 95014",1100000,Cupertino,2,1166.0,3, Townhouse,32.0,32 mins
336,"20488 Stevens Creek Blvd APT 1206, Cupertino, CA 95014",799888,Cupertino,1,850.0,1, Condo,31.0,31 mins
337,"10745 N De Anza Blvd UNIT 103, Cupertino, CA 95014",998000,Cupertino,1,1209.0,2, Condo,30.3,29 mins
338,"1125 Brighton View Cir, Petaluma, CA 94952",620000,Petaluma,2,999.0,3, Single Family,57.8,57 mins
339,"714 Briggs Pl, Petaluma, CA 94954",660000,Petaluma,3,1486.0,3, Single Family,61.4,1 hour 4 mins
340,"470 Park Place Dr, Petaluma, CA 94954",499900,Petaluma,3,1503.0,3, Condo,59.8,1 hour 1 min
341,"1073 Country Club Dr, Petaluma, CA 94952",1399900,Petaluma,5,3698.0,3, Single Family,58.1,58 mins
342,"27 Valen Way, Petaluma, CA 94952",950000,Petaluma,1,840.0,2, Single Family,64.8,1 hour 5 mins
343,"20 San Marcos Pl, San Rafael, CA 94901",1398000,San Rafael,5,2528.0,2, Single Family,41.1,46 mins
344,"11 Dorian Way, San Rafael, CA 94901",1995000,San Rafael,4,2551.0,2, Single Family,39.6,44 mins
345,"10 Professional Center Pkwy APT 27, San Rafael, CA 94903",495000,San Rafael,2,1107.0,2, Condo,40.7,41 mins
346,"15 Gloucester Cv, San Rafael, CA 94901",815000,San Rafael,3,1920.0,3, Single Family,36.7,39 mins
347,"136 La Perdiz Ct, San Rafael, CA 94903",865000,San Rafael,2,1785.0,3, Condo,40.9,43 mins
348,"28 Bonnie Banks Way, San Rafael, CA 94901",1269000,San Rafael,3,2257.0,3, Single Family,39.7,43 mins
349,"938 Lea Dr, San Rafael, CA 94903",369000,San Rafael,1,680.0,1, Single Family,41.5,43 mins
350,"123 Sylvia Way, San Rafael, CA 94903",710000,San Rafael,3,1516.0,3, Condo,41.5,44 mins
351,"100 Thorndale Dr APT 352, San Rafael, CA 94903",95000,San Rafael,1,660.0,1, Condo,40.9,43 mins
352,"425 San Marin Dr, Novato, CA 94945",950000,Novato,4,1804.0,3, Single Family,50.1,50 mins
353,"28 Oak Grove Dr, Novato, CA 94949",1249000,Novato,4,2554.0,3, Single Family,44.9,46 mins
354,"25 Palomino Cir, Novato, CA 94947",1195000,Novato,4,2304.0,3, Single Family,52.7,57 mins
355,"218 Pelican Ln, Novato, CA 94949",699000,Novato,2,1674.0,3, Condo,43.6,44 mins
356,"11 Josefa Ct, Novato, CA 94949",815000,Novato,2,1940.0,3, Condo,43.6,44 mins
357,"809 Juniper Pl, Novato, CA 94945",725000,Novato,4,1835.0,3, Condo,50.9,53 mins
358,"7 Hollyleaf Way, Novato, CA 94949",1425000,Novato,5,2934.0,4, Single Family,45.1,46 mins
359,"2 Canyon Green Loop, Novato, CA 94947",1189000,Novato,5,2736.0,4, Single Family,48.7,51 mins
360,"96 Pinheiro Cir, Novato, CA 94945",1349000,Novato,5,3642.0,3, Single Family,49.0,49 mins
361,"540 Loleta Ln, Novato, CA 94947",533500,Novato,3,1323.0,3, Condo,45.9,46 mins
362,"1540 Center Rd APT 160, Novato, CA 94947",355000,Novato,2,905.0,1, Condo,47.8,50 mins
363,"453 Bolling Cir, Novato, CA 94949",560644,Novato,4,1684.0,2, Condo,44.1,45 mins
364,"35 Alconbury Way, Novato, CA 94949",999000,Novato,4,2044.0,3, Single Family,44.9,48 mins
365,"83 Gann Way, Novato, CA 94949",749000,Novato,2,1428.0,3, Single Family,44.8,47 mins
366,"515 Loleta Ln, Novato, CA 94947",419950,Novato,2,896.0,2, Condo,45.9,46 mins
367,"27 Balboa Ct, Novato, CA 94949",979000,Novato,4,1922.0,3, Single Family,45.0,48 mins
368,"62 Margarita Ter, Novato, CA 94947",449000,Novato,2,1118.0,2, Condo,47.1,47 mins
369,"207 Indian Way, Novato, CA 94949",690000,Novato,3,1582.0,2, Condo,46.4,48 mins
370,"12 Dorothy Way, Novato, CA 94945",1239000,Novato,3,1955.0,2, Single Family,50.1,51 mins
371,"412 Wood Hollow Dr, Novato, CA 94945",1224900,Novato,4,2644.0,3, Single Family,49.2,49 mins
372,"1556 Center Rd APT 14, Novato, CA 94947",369000,Novato,2,948.0,2, Condo,47.9,49 mins
373,"2432 Berkshire Ln, Brentwood, CA 94513",649900,Brentwood,4,1992.0,3, Single Family,64.0,1 hour 4 mins
374,"304 Alta St, Brentwood, CA 94513",588888,Brentwood,4,2500.0,3, Single Family,65.1,1 hour 5 mins
375,"193 Wright Ct, Brentwood, CA 94513",559000,Brentwood,3,1758.0,3, Single Family,64.9,1 hour 4 mins
376,"741 Waterville Dr, Brentwood, CA 94513",665000,Brentwood,4,2437.0,3, Single Family,64.2,1 hour 3 mins
377,"1853 Pheasant Run Ter, Brentwood, CA 94513",2369000,Brentwood,4,6568.0,6, Single Family,62.2,1 hour 1 min
378,"1265 Picadilly Ln, Brentwood, CA 94513",609900,Brentwood,4,2421.0,3, Single Family,61.4,1 hour 1 min
379,"1614 Chianti Ln, Brentwood, CA 94513",1179000,Brentwood,2,2868.0,3, Single Family,66.1,1 hour 5 mins
380,"831 Apple Hill Dr, Brentwood, CA 94513",1199900,Brentwood,5,3921.0,4, Single Family,63.8,1 hour 1 min
381,"941 Centennial Dr, Brentwood, CA 94513",544000,Brentwood,3,1808.0,2, Single Family,64.2,1 hour 2 mins
382,"1145 Alta Vista Pl, Brentwood, CA 94513",789999,Brentwood,4,2991.0,3, Single Family,63.1,1 hour 3 mins
383,"100 Baird Cir, Brentwood, CA 94513",625000,Brentwood,4,2228.0,3, Single Family,63.8,1 hour 4 mins
384,"183 Honeygold Ln, Brentwood, CA 94513",555000,Brentwood,2,1940.0,3, Single Family,64.1,1 hour 3 mins
385,"1800 Mariposa Way, Brentwood, CA 94513",639900,Brentwood,2,2165.0,3, Single Family,63.0,1 hour 0 mins
386,"1080 Bountiful Way, Brentwood, CA 94513",499500,Brentwood,2,1584.0,2, Single Family,64.5,1 hour 4 mins
387,"1120 Medoc Ct, Brentwood, CA 94513",846356,Brentwood,3,2338.0,3, Single Family,64.8,1 hour 4 mins
388,"110 Sarafina Way, Gilroy, CA 95020",698000,Gilroy,4,1788.0,3, Single Family,65.3,1 hour 1 min
389,"7718 Curry Dr, Gilroy, CA 95020",898000,Gilroy,4,2360.0,3, Single Family,66.5,1 hour 6 mins
390,"1406 Casablanca Cir, Gilroy, CA 95020",875000,Gilroy,4,2434.0,3, Single Family,65.4,1 hour 3 mins
391,"2166 Cruden Bay Way, Gilroy, CA 95020",925000,Gilroy,4,2417.0,3, Single Family,67.1,1 hour 7 mins
392,"7745 Isabella Way, Gilroy, CA 95020",465000,Gilroy,2,818.0,1, Single Family,65.8,1 hour 4 mins
393,"7361 Old Toms Ct, Gilroy, CA 95020",1449000,Gilroy,4,3360.0,4, Single Family,67.1,1 hour 6 mins
394,"2441 Club Dr, Gilroy, CA 95020",1395000,Gilroy,4,3350.0,4, Single Family,67.4,1 hour 7 mins
395,"1045 Fillippelli Dr, Gilroy, CA 95020",649999,Gilroy,3,1859.0,3, Condo,65.6,1 hour 3 mins
396,"7712 Sumac Pl, Gilroy, CA 95020",899000,Gilroy,4,2360.0,3, Single Family,66.5,1 hour 5 mins
397,"270 Fortunata Pl, Gilroy, CA 95020",509500,Gilroy,2,1397.0,3, Townhouse,65.2,1 hour 0 mins
398,"4285 Redwood Retreat Rd, Gilroy, CA 95020",2199950,Gilroy,5,3749.0,3, Single Family,64.5,1 hour 2 mins
399,"2951 Grassland Way, Gilroy, CA 95020",1299000,Gilroy,5,3455.0,5, Single Family,67.1,1 hour 6 mins
400,"1504 Rosette Way, Gilroy, CA 95020",465000,Gilroy,1,800.0,1, Single Family,66.3,1 hour 4 mins
401,"355 Mantelli Dr, Gilroy, CA 95020",684836,Gilroy,3,1589.0,3, Single Family,64.8,1 hour 1 min
402,"728 Carver Pl, Gilroy, CA 95020",965000,Gilroy,4,2633.0,3, Single Family,65.1,1 hour 2 mins
403,"7206 Admiralty Ln, Foster City, CA 94404",728888,Foster City,2,998.0,2, Condo,8.9,11 mins
404,"2207 Admiralty Ln, Foster City, CA 94404",948888,Foster City,3,1505.0,3, Single Family,8.8,11 mins
405,"1025 Shell Blvd APT 12, Foster City, CA 94404",848000,Foster City,2,1042.0,2, Condo,9.6,14 mins
406,"920 Aruba Ln, Foster City, CA 94404",2146058,Foster City,4,2530.0,3, Single Family,10.5,16 mins
407,"777 Coronado Ln, Foster City, CA 94404",1888000,Foster City,3,2110.0,2, Single Family,9.8,14 mins
408,"676 Portofino Ln, Foster City, CA 94404",1475000,Foster City,3,2140.0,3, Townhouse,9.9,14 mins
409,"1170 Foster City Blvd APT 201, Foster City, CA 94404",738000,Foster City,1,990.0,1, Condo,9.7,13 mins
410,"720 Promontory Point Ln APT 2309, Foster City, CA 94404",1239000,Foster City,3,2264.0,3, Condo,8.0,9 mins
411,"843 Peary Ln, Foster City, CA 94404",1388000,Foster City,3,1340.0,3, Single Family,9.6,13 mins
412,"604 Pisces Ln, Foster City, CA 94404",1348888,Foster City,3,1430.0,3, Townhouse,8.4,11 mins
413,"1130 Nimitz Ln, Foster City, CA 94404",1469000,Foster City,3,1530.0,2, Townhouse,9.8,14 mins
414,"617 Bridgeport Ln, Foster City, CA 94404",1799000,Foster City,2,1710.0,3, Single Family,9.4,13 mins
415,"1081 Beach Park Blvd APT 103, Foster City, CA 94404",689000,Foster City,1,990.0,1, Condo,9.7,13 mins
416,"926 Beach Park Blvd APT 5, Foster City, CA 94404",888988,Foster City,2,1087.0,2, Condo,10.4,15 mins
417,"226 Commons Ln, Foster City, CA 94404",1228000,Foster City,2,1500.0,2, Townhouse,8.7,12 mins
418,"860 Meridian Bay Ln UNIT 125, Foster City, CA 94404",915000,Foster City,2,1350.0,2, Condo,8.3,10 mins
419,"390 Biscayne Ave, San Mateo, CA 94404",2385000,San Mateo,3,2390.0,3, Single Family,9.7,13 mins
420,"237 Commons Ln, Foster City, CA 94404",1168000,Foster City,2,1230.0,2, Townhouse,8.6,12 mins
421,"720 Promontory Point Ln APT 2207, Foster City, CA 94404",1389000,Foster City,3,2264.0,3, Condo,8.0,9 mins
422,"1019 Foster Square Ln UNIT 304, Foster City, CA 94404",1269000,Foster City,3,1653.0,2, Condo,9.0,12 mins
423,"3005 Longview Dr, San Bruno, CA 94066",1680000,San Bruno,5,2870.0,4, Single Family,5.0,9 mins
424,"1217 Shelter Creek Ln, San Bruno, CA 94066",710000,San Bruno,2,1000.0,2, Condo,4.2,7 mins
425,"4104 Shelter Creek Ln, San Bruno, CA 94066",488000,San Bruno,1,680.0,1, Condo,4.2,7 mins
426,"3145 Shelter Creek Ln, San Bruno, CA 94066",498000,San Bruno,1,680.0,1, Condo,4.2,7 mins
427,"4306 Shelter Creek Ln, San Bruno, CA 94066",498000,San Bruno,1,680.0,1, Condo,4.2,7 mins
428,"1332 Shelter Creek Ln, San Bruno, CA 94066",429000,San Bruno,0,490.0,1, Condo,4.2,7 mins
429,"402 Boardwalk Ave APT 16, San Bruno, CA 94066",460000,San Bruno,0,450.0,1, Condo,3.3,7 mins
430,"5234 Shelter Creek Ln, San Bruno, CA 94066",399500,San Bruno,0,490.0,1, Condo,4.2,7 mins
431,"402 Boardwalk Ave APT 19, San Bruno, CA 94066",540000,San Bruno,1,650.0,1, Condo,3.3,7 mins
432,"1126 Cherry Ave APT 80, San Bruno, CA 94066",435000,San Bruno,0,450.0,1, Condo,2.9,5 mins
433,"1031 Cherry Ave APT 40, San Bruno, CA 94066",800000,San Bruno,3,1342.0,2, Condo,2.7,6 mins
434,"2221 Shelter Creek Ln, San Bruno, CA 94066",399000,San Bruno,0,490.0,1, Condo,4.1,6 mins
435,"6153 Shelter Creek Ln, San Bruno, CA 94066",549000,San Bruno,1,680.0,1, Condo,4.1,6 mins
436,"5127 Shelter Creek Ln, San Bruno, CA 94066",519000,San Bruno,1,680.0,1, Condo,4.3,7 mins
437,"2146 Shelter Creek Ln, San Bruno, CA 94066",399000,San Bruno,0,490.0,1, Condo,4.2,7 mins
438,"166 Oxford Ln, San Bruno, CA 94066",1588000,San Bruno,0,4090.0,0, Multiple Occupancy,4.8,7 mins
439,"1229 Camino Corto, Rohnert Park, CA 94928",359000,Rohnert Park,2,1050.0,2, Condo,68.2,1 hour 10 mins
440,"1461 Gold Way, Rohnert Park, CA 94928",369950,Rohnert Park,3,1208.0,2, Condo,70.7,1 hour 11 mins
441,"5083 Country Club Dr, Rohnert Park, CA 94928",410000,Rohnert Park,2,1220.0,2, Condo,69.8,1 hour 8 mins
442,"1619 Kensington Pl, Rohnert Park, CA 94928",730000,Rohnert Park,4,2371.0,3, Single Family,69.9,1 hour 10 mins
443,"951 Santa Cruz Way, Rohnert Park, CA 94928",419000,Rohnert Park,3,1632.0,2, Condo,68.9,1 hour 8 mins
444,"8293 Lancaster Dr, Rohnert Park, CA 94928",355000,Rohnert Park,2,920.0,1, Condo,67.1,1 hour 6 mins
445,"1496 Parkway Dr, Rohnert Park, CA 94928",369000,Rohnert Park,2,1162.0,2, Condo,69.9,1 hour 12 mins
446,"1442 Gold Way, Rohnert Park, CA 94928",324500,Rohnert Park,2,984.0,2, Condo,70.7,1 hour 12 mins
447,"5449 Kaitlyn Pl, Rohnert Park, CA 94928",660000,Rohnert Park,3,1838.0,3, Single Family,67.5,1 hour 10 mins
448,"786 Racquet Club Cir, Rohnert Park, CA 94928",375000,Rohnert Park,2,1182.0,1, Condo,68.9,1 hour 8 mins
449,"956 Santa Cruz Way, Rohnert Park, CA 94928",479000,Rohnert Park,2,1536.0,2, Condo,68.9,1 hour 8 mins
