,Address,City,ZipCode,State,Bedrooms,Price,Listing-Company,HOA,Zestimate,Link,Living-Area,Total-Bathrooms,Full-Bathrooms,Half-Bathrooms,Garage-Spaces,Stories,Fireplace,Lot-Size,Home-Type,New-Contruction,Year-Built,Utilities,Sunscore,Annual-Tax,Tax-Value
0,"3810 Coronado Way, San Bruno, CA 94066",San Bruno,94066,CA,3,999000,KW Peninsula Estates,Not_Found,1022030,https://www.zillow.com/homedetails/3810-Coronado-Way-San-Bruno-CA-94066/15490314_zpid/,"1,160",2, 2,Not_Found, 0,Not_Found, Yes,"5,201", Single Family, No,1959, Public Utilities,89.4," $9,847"," $882,760"
1,"3491 Fleetwood Dr, San Bruno, CA 94066",San Bruno,94066,CA,4,1649000,Sequoia Real Estate,Not_Found,1720789,https://www.zillow.com/homedetails/3491-Fleetwood-Dr-San-Bruno-CA-94066/15491872_zpid/,"2,190",3,Not_Found,Not_Found, 0,Not_Found, Yes,0.28, Single Family, No,1964,Not_Found,95.0," $6,748"," $625,930"
2,"3005 Longview Dr, San Bruno, CA 94066",San Bruno,94066,CA,5,1680000,Berkshire Hathaway Home Services California Realty, $123/mo,1727506,https://www.zillow.com/homedetails/3005-Longview-Dr-San-Bruno-CA-94066/52393824_zpid/,"2,870",4, 4,Not_Found, 2,Not_Found," Living Room, Wood Burning, 1","10,088", Single Family, No,1999, Public Utilities,94.2," $16,940"," $1,518,983"
3,"608 2nd Ave, San Bruno, CA 94066",San Bruno,94066,CA,2,935000,Rational Real Estate,Not_Found,679920,https://www.zillow.com/homedetails/608-2nd-Ave-San-Bruno-CA-94066/111437527_zpid/,970,1, 1,Not_Found, 0,Not_Found, Yes,"3,750", Single Family, No,1947," Individual Electric Meters, Individual Gas Meters",92.6," $1,981"," $177,128"
4,"306 Palomar Ct, San Bruno, CA 94066",San Bruno,94066,CA,4,1380000,Gilmartin Group,Not_Found,1424000,https://www.zillow.com/homedetails/306-Palomar-Ct-San-Bruno-CA-94066/15498514_zpid/,"1,810",2, 2,Not_Found, 2,Not_Found, Yes,"5,950", Single Family, No,1956, Public Utilities,93.4, $72," $919,926"
5,"627 6th Ave, San Bruno, CA 94066",San Bruno,94066,CA,2,799000,Keller Williams San Francisco,Not_Found,818487,https://www.zillow.com/homedetails/627-6th-Ave-San-Bruno-CA-94066/15496959_zpid/,720,1,Not_Found,Not_Found, 0,Not_Found, Yes,"2,500", Single Family, No,1957,Not_Found,85.4, $643," $57,105"
6,"743 Pepper Dr, San Bruno, CA 94066",San Bruno,94066,CA,3,1200000,Coldwell Banker Realty,Not_Found,1257763,https://www.zillow.com/homedetails/743-Pepper-Dr-San-Bruno-CA-94066/15495518_zpid/,"1,140",1, 1,Not_Found, 2,Not_Found, Yes,"5,501", Single Family, No,1953, Public Utilities,93.4," $9,284"," $832,280"
7,"3031 Fasman Dr, San Bruno, CA 94066",San Bruno,94066,CA,7,1598000,Lehr Real Estate,Not_Found,1619306,https://www.zillow.com/homedetails/3031-Fasman-Dr-San-Bruno-CA-94066/15491702_zpid/,"3,334",4, 4,Not_Found, 0,Not_Found, Yes,"6,089", Single Family, No,1960, Public Utilities,95.0," $2,462"," $220,307"
8,"1055 Jenevein Ave, San Bruno, CA 94066",San Bruno,94066,CA,4,1200000,"Omarshall, Inc",Not_Found,1258679,https://www.zillow.com/homedetails/1055-Jenevein-Ave-San-Bruno-CA-94066/15498194_zpid/,"2,348",2, 1, 1, 0,Not_Found, Yes,"5,000", Single Family, No,1925, Public Utilities,87.8," $1,466"," $130,996"
9,"160 Castleton Way, San Bruno, CA 94066",San Bruno,94066,CA,4,1375000,BHHS California Realty,Not_Found,1403505,https://www.zillow.com/homedetails/160-Castleton-Way-San-Bruno-CA-94066/15492637_zpid/,"1,601",3,Not_Found,Not_Found, 0, 1,Not_Found,"5,000", Single Family, No,1963,Not_Found,93.4," $2,158"," $193,056"
10,"710 Pine St, San Bruno, CA 94066",San Bruno,94066,CA,4,999888,Keller Williams Realty Central Valley,Not_Found,1052732,https://www.zillow.com/homedetails/710-Pine-St-San-Bruno-CA-94066/15496945_zpid/,"1,390",2, 1, 1, 0, 1, Yes,"5,000", Single Family, No,1940,Not_Found,75.0," $3,978"," $356,264"
11,"421 Cypress Ave, San Bruno, CA 94066",San Bruno,94066,CA,3,1098000,Compass,Not_Found,1119396,https://www.zillow.com/homedetails/421-Cypress-Ave-San-Bruno-CA-94066/15498179_zpid/,"1,070",3, 2, 1, 0,Not_Found,Not_Found,"2,500", Single Family, No,1966, Public Utilities,93.4," $7,493"," $671,624"
12,"1623 Hickory Ave, San Bruno, CA 94066",San Bruno,94066,CA,4,1350000,"Omarshall, Inc",Not_Found,1398777,https://www.zillow.com/homedetails/1623-Hickory-Ave-San-Bruno-CA-94066/15495567_zpid/,"1,820",2, 2,Not_Found, 0,Not_Found, Yes,"5,702", Single Family, No,1951, Public Utilities,93.4," $1,395"," $117,551"
13,"2796 Fleetwood Dr, San Bruno, CA 94066",San Bruno,94066,CA,5,1495422,Auction.com,Not_Found,1495422,https://www.zillow.com/homedetails/2796-Fleetwood-Dr-San-Bruno-CA-94066/121652186_zpid/,"2,140",3,Not_Found,Not_Found, 2, 1,Not_Found,"10,454", Single Family, No,1955,Not_Found,93.4," $8,784"," $780,440"
14,"472 Linden Ave, San Bruno, CA 94066",San Bruno,94066,CA,3,1270000,Sotheby's International Realty,Not_Found,1324009,https://www.zillow.com/homedetails/472-Linden-Ave-San-Bruno-CA-94066/317270737_zpid/,"1,443",2,Not_Found,Not_Found, 0,Not_Found,Not_Found,"3,663", Single Family, No,1958,Not_Found,82.2," $9,560"," $850,000"
15,"1217 Shelter Creek Ln, San Bruno, CA 94066",San Bruno,94066,CA,2,710000,Rex Real Estate Exchange, $466/mo,658781,https://www.zillow.com/homedetails/1217-Shelter-Creek-Ln-San-Bruno-CA-94066/15623487_zpid/,"1,000",2,Not_Found,Not_Found, 2,Not_Found,Not_Found,38.56, Condo, No,1972, Public Utilities,78.2," $7,465"," $665,000"
16,"220 San Anselmo Ave N, San Bruno, CA 94066",San Bruno,94066,CA,2,1149000,KW Peninsula Estates,Not_Found,1205246,https://www.zillow.com/homedetails/220-San-Anselmo-Ave-N-San-Bruno-CA-94066/15499089_zpid/,"1,360",1, 1,Not_Found, 0,Not_Found, Yes,"5,000", Single Family, No,1930, Public Utilities,Not_Found," $11,020"," $988,000"
17,"229 Miraluna Dr, San Bruno, CA 94066",San Bruno,94066,CA,4,1850000,D.R. Horton - Bay Area,Not_Found,Not_Found,https://www.zillow.com/homedetails/229-Miraluna-Dr-San-Bruno-CA-94066/2077782856_zpid/,"2,460",4, 3, 1, 2, 2,Not_Found,Not_Found, Single Family, Yes,2020,Not_Found,Not_Found,Not_Found,Not_Found
18,"4104 Shelter Creek Ln, San Bruno, CA 94066",San Bruno,94066,CA,1,488000,SkyGroup Realty Inc., $397/mo,498992,https://www.zillow.com/homedetails/4104-Shelter-Creek-Ln-San-Bruno-CA-94066/15623906_zpid/,680,1,Not_Found,Not_Found, 1, 1,Not_Found,38.56, Condo, No,1972,Not_Found,95.0," $3,847"," $340,451"
19,"3145 Shelter Creek Ln, San Bruno, CA 94066",San Bruno,94066,CA,1,498000,eXp Realty of California Inc., $388/mo,499122,https://www.zillow.com/homedetails/3145-Shelter-Creek-Ln-San-Bruno-CA-94066/15623782_zpid/,680,1, 1,Not_Found, 0,Not_Found,Not_Found,38.56, Condo, No,1972, Public Utilities,Not_Found," $3,781"," $341,529"
20,"600 Acacia Ave, San Bruno, CA 94066",San Bruno,94066,CA,2,1099000,Compass,Not_Found,1099084,https://www.zillow.com/homedetails/600-Acacia-Ave-San-Bruno-CA-94066/15496189_zpid/,960,1, 1,Not_Found, 0, 1,Not_Found,"5,140", Single Family, No,1942,Not_Found,93.4, $691," $61,454"
21,"233 Boardwalk Ave APT B, San Bruno, CA 94066",San Bruno,94066,CA,1,499000,Berkshire Hathaway Home Services California Realty,Not_Found,516746,https://www.zillow.com/homedetails/233-Boardwalk-Ave-APT-B-San-Bruno-CA-94066/2078138916_zpid/,650,1, 1,Not_Found, 0,Not_Found,Not_Found,Not_Found, Condo, No,1971, Public Utilities,92.6,Not_Found,Not_Found
22,"4306 Shelter Creek Ln, San Bruno, CA 94066",San Bruno,94066,CA,1,498000,Rise Homes, $396/mo,510570,https://www.zillow.com/homedetails/4306-Shelter-Creek-Ln-San-Bruno-CA-94066/15624016_zpid/,680,1, 1,Not_Found, 0,Not_Found,Not_Found,38.56, Condo, No,1972, Public Utilities,95.0," $2,869"," $259,732"
23,"1332 Shelter Creek Ln, San Bruno, CA 94066",San Bruno,94066,CA,0,429000,Green Banker Realty, $350/mo,437875,https://www.zillow.com/homedetails/1332-Shelter-Creek-Ln-San-Bruno-CA-94066/15623553_zpid/,490,1, 1,Not_Found, 0,Not_Found,Not_Found,38.56, Condo, No,1972, Public Utilities,78.2," $4,031"," $363,994"
24,"1341 Peachwood Ct, San Bruno, CA 94066",San Bruno,94066,CA,3,1338000,"eXp Realty of California, Inc", $43/mo,1323258,https://www.zillow.com/homedetails/1341-Peachwood-Ct-San-Bruno-CA-94066/15495834_zpid/,"2,020",Not_Found,Not_Found,Not_Found, 2, 2, Yes,"5,061", Single Family, No,1982,Not_Found,93.4," $3,836"," $343,576"
25,"402 Boardwalk Ave APT 16, San Bruno, CA 94066",San Bruno,94066,CA,0,460000,"Kundan Singh Pabla, Brkr", $306/mo,436285,https://www.zillow.com/homedetails/402-Boardwalk-Ave-APT-16-San-Bruno-CA-94066/15622945_zpid/,450,1, 1,Not_Found, 2, 2, 1,3.65, Condo, No,1971,Not_Found,78.2," $1,201"," $110,156"
26,"848 Mills Ave, San Bruno, CA 94066",San Bruno,94066,CA,2,1150000,"Panorama Properties, SFBA Inc.",Not_Found,1153034,https://www.zillow.com/homedetails/848-Mills-Ave-San-Bruno-CA-94066/89666871_zpid/,"1,360",2, 2,Not_Found, 2, Two Story,Not_Found,"2,500", Single Family, No,1989,Not_Found,91.8," $3,701"," $331,408"
27,"5234 Shelter Creek Ln, San Bruno, CA 94066",San Bruno,94066,CA,0,399500,Coldwell Banker Realty, $359/mo,399502,https://www.zillow.com/homedetails/5234-Shelter-Creek-Ln-San-Bruno-CA-94066/15624147_zpid/,490,1, 1,Not_Found, 0,Not_Found,Not_Found,38.56, Condo, No,1972," Individual Electric Meters, Public Utilities",95.0," $3,234"," $285,504"
28,"402 Boardwalk Ave APT 19, San Bruno, CA 94066",San Bruno,94066,CA,1,540000,Home Sweet Home Rlty & Funding, $359/mo,553449,https://www.zillow.com/homedetails/402-Boardwalk-Ave-APT-19-San-Bruno-CA-94066/15622948_zpid/,650,1, 1,Not_Found, 0,Not_Found,Not_Found,3.65, Condo, No,1971," Individual Electric Meters, Public Utilities",78.2," $4,962"," $440,500"
29,"1126 Cherry Ave APT 80, San Bruno, CA 94066",San Bruno,94066,CA,0,435000,Elite Realty Services, $305/mo,437438,https://www.zillow.com/homedetails/1126-Cherry-Ave-APT-80-San-Bruno-CA-94066/15622570_zpid/,450,1,Not_Found,Not_Found, 0, 1,Not_Found,3.46, Condo, No,1971,Not_Found,82.2," $3,114"," $274,725"
30,"1031 Cherry Ave APT 40, San Bruno, CA 94066",San Bruno,94066,CA,3,800000,Realty One Group Infinity, $459/mo,797540,https://www.zillow.com/homedetails/1031-Cherry-Ave-APT-40-San-Bruno-CA-94066/15621207_zpid/,"1,342",2, 2,Not_Found, 0,Not_Found, Yes,4.05, Condo, No,1979, Public Utilities,84.6," $5,071"," $450,253"
31,"469 Maple Ave, San Bruno, CA 94066",San Bruno,94066,CA,2,1100888,"A.V.R. Realty, Inc.",Not_Found,1004799,https://www.zillow.com/homedetails/469-Maple-Ave-San-Bruno-CA-94066/15497942_zpid/,"1,100",1, 1,Not_Found, 0,Not_Found,Not_Found,"5,000", Single Family, No,1944, Public Utilities,93.4, $880," $78,418"
32,"2221 Shelter Creek Ln, San Bruno, CA 94066",San Bruno,94066,CA,0,399000,Clarin Realty Inc, $359/mo,407522,https://www.zillow.com/homedetails/2221-Shelter-Creek-Ln-San-Bruno-CA-94066/15623651_zpid/,490,1, 1,Not_Found, 0,Not_Found,Not_Found,38.56, Condo, No,1972, Master Meter,Not_Found," $1,655"," $150,878"
33,"223 Boardwalk Ave APT E, San Bruno, CA 94066",San Bruno,94066,CA,1,529000,Coldwell Banker Realty, $359/mo,554052,https://www.zillow.com/homedetails/223-Boardwalk-Ave-APT-E-San-Bruno-CA-94066/2082323063_zpid/,650,1, 1,Not_Found, 0,Not_Found,Not_Found,Not_Found, Condo, No,1971, Public Utilities,Not_Found,Not_Found,Not_Found
34,"6153 Shelter Creek Ln, San Bruno, CA 94066",San Bruno,94066,CA,1,549000,Compass, $396/mo,560728,https://www.zillow.com/homedetails/6153-Shelter-Creek-Ln-San-Bruno-CA-94066/15624274_zpid/,680,1, 1,Not_Found, 0,Not_Found,Not_Found,38.56, Condo, No,1972, Public Utilities,95.0," $2,229"," $202,355"
35,"5127 Shelter Creek Ln, San Bruno, CA 94066",San Bruno,94066,CA,1,519000,D.R. Horton - Bay Area, $397/mo,519220,https://www.zillow.com/homedetails/5127-Shelter-Creek-Ln-San-Bruno-CA-94066/15624088_zpid/,680,1, 1,Not_Found, 0,Not_Found,Not_Found,"1,698", Condo, No,1972, Public Utilities,95.0," $5,079"," $451,013"
36,"Buildable plan Residence 4, Skyline Ridge, San Bruno, CA 94066",San Bruno,94066,CA,4,1963455,Coldwell Banker Realty,Not_Found,Not_Found,https://www.zillow.com/community/skyline-ridge/2080111978_zpid/,"2,695",3, 3,Not_Found, 2, 2,Not_Found,Not_Found, Single Family, Yes,Not_Found,Not_Found,Not_Found,Not_Found,Not_Found
37,"2146 Shelter Creek Ln, San Bruno, CA 94066",San Bruno,94066,CA,0,399000,Keller Williams East County, $341/mo,399002,https://www.zillow.com/homedetails/2146-Shelter-Creek-Ln-San-Bruno-CA-94066/15623621_zpid/,490,1, 1,Not_Found, 1,Not_Found,Not_Found,38.56, Condo, No,1972, Individual Electric Meters,Not_Found," $2,552"," $224,307"
38,"850 El Camino Real, San Bruno, CA 94066",San Bruno,94066,CA,Great,13000000,Berkshire Hathaway Home Services California Realty,Not_Found,Not_Found,https://www.zillow.com/homedetails/850-El-Camino-Real-San-Bruno-CA-94066/2077837291_zpid/,Not_Found,Not_Found,Not_Found,Not_Found,Not_Found,Not_Found,Not_Found,Not_Found,Not_Found,Not_Found,Not_Found,Not_Found,87.0,Not_Found,Not_Found
39,"166 Oxford Ln, San Bruno, CA 94066",San Bruno,94066,CA,0,1588000,KW Peninsula Estates, $108/mo,1562606,https://www.zillow.com/homedetails/166-Oxford-Ln-San-Bruno-CA-94066/15495449_zpid/,"4,090",0,Not_Found,Not_Found, 0,Not_Found,Not_Found,"2,805", Multiple Occupancy, No,1966, Public Utilities,Not_Found," $6,918"," $613,642"
40,"1229 Camino Corto, Rohnert Park, CA 94928",Rohnert Park,94928,CA,2,359000,Coldwell Banker Realty, $370/mo,369845,https://www.zillow.com/homedetails/1229-Camino-Corto-Rohnert-Park-CA-94928/15854605_zpid/,"1,050",2, 1, 1, 1, 2, Yes,1, Condo, No,1981,Not_Found,89.07," $2,387"," $367,200"
41,"1461 Gold Way, Rohnert Park, CA 94928",Rohnert Park,94928,CA,3,369950,RE/MAX Marketplace, $418/mo,392131,https://www.zillow.com/homedetails/1461-Gold-Way-Rohnert-Park-CA-94928/15856823_zpid/,"1,208",2, 1, 1, 1, 2, Yes,1, Condo, No,1985,Not_Found,91.47," $4,768"," $397,800"
42,"7847 Burton Ave, Rohnert Park, CA 94928",Rohnert Park,94928,CA,4,569000,Castelli Realty & SRI Property,Not_Found,575232,https://www.zillow.com/homedetails/7847-Burton-Ave-Rohnert-Park-CA-94928/15839251_zpid/,"1,269",2, 2,Not_Found, 2, 1, Yes,"6,098", Single Family, No,1960,Not_Found,94.67," $5,127"," $420,331"
43,"7289 Roxanne Ln, Rohnert Park, CA 94928",Rohnert Park,94928,CA,4,749900,Prime Real Estate Services,Not_Found,757615,https://www.zillow.com/homedetails/7289-Roxanne-Ln-Rohnert-Park-CA-94928/15792610_zpid/,"2,180",3, 3,Not_Found, 3, 2, Yes,"6,098", Single Family, No,1990,Not_Found,86.67," $5,460"," $448,499"
44,"5083 Country Club Dr, Rohnert Park, CA 94928",Rohnert Park,94928,CA,2,410000,Keller Williams Realty, $458/mo,410673,https://www.zillow.com/homedetails/5083-Country-Club-Dr-Rohnert-Park-CA-94928/15855926_zpid/,"1,220",2, 1, 1, 2, 2, Yes,"1,306", Condo, No,1979,Not_Found,94.67," $4,188"," $341,707"
45,"1619 Kensington Pl, Rohnert Park, CA 94928",Rohnert Park,94928,CA,4,730000,Compass, $81/mo,730006,https://www.zillow.com/homedetails/1619-Kensington-Pl-Rohnert-Park-CA-94928/241757484_zpid/,"2,371",3, 3,Not_Found, 2, 2, Yes,"3,484", Single Family, No,2017,Not_Found,Not_Found," $11,009"," $675,976"
46,"202 Corte Rosa, Rohnert Park, CA 94928",Rohnert Park,94928,CA,4,189995,Compass,Not_Found,140450,https://www.zillow.com/homedetails/202-Corte-Rosa-Rohnert-Park-CA-94928/125111837_zpid/,"1,404",2, 2,Not_Found, 2, 1,Not_Found,41.40, Mobile / Manufactured, No,2013,Not_Found,Not_Found,Not_Found," $78,161"
47,"951 Santa Cruz Way, Rohnert Park, CA 94928",Rohnert Park,94928,CA,3,419000,RE/MAX Marketplace, $460/mo,509926,https://www.zillow.com/homedetails/951-Santa-Cruz-Way-Rohnert-Park-CA-94928/15841064_zpid/,"1,632",2, 2,Not_Found, 0, 2, Yes,1, Condo, No,1974,Not_Found,94.67," $2,141"," $168,823"
48,"6355 San Benito Way, Rohnert Park, CA 94928",Rohnert Park,94928,CA,3,635000,Prosper Real Estate,Not_Found,641773,https://www.zillow.com/homedetails/6355-San-Benito-Way-Rohnert-Park-CA-94928/15840451_zpid/,"1,485",2, 2,Not_Found, 0, 1, Yes,"6,969", Single Family, No,1977,Not_Found,94.67," $5,188"," $425,500"
49,"8293 Lancaster Dr, Rohnert Park, CA 94928",Rohnert Park,94928,CA,2,355000,Redfin, $327/mo,355018,https://www.zillow.com/homedetails/8293-Lancaster-Dr-Rohnert-Park-CA-94928/15790522_zpid/,920,1, 1,Not_Found, 0, 1,Not_Found,1, Condo, No,1973,Not_Found,94.67," $3,836"," $311,996"
50,"113 Walnut Cir, Rohnert Park, CA 94928",Rohnert Park,94928,CA,2,29900,NextHome Wine Country Premier,Not_Found,154018,https://www.zillow.com/homedetails/113-Walnut-Cir-Rohnert-Park-CA-94928/119688737_zpid/,825,1, 1,Not_Found, 0, 1,Not_Found,36.87, Mobile / Manufactured, No,1973,Not_Found,84.27,Not_Found," $10,053"
51,"1496 Parkway Dr, Rohnert Park, CA 94928",Rohnert Park,94928,CA,2,369000,Corcoran Global Living, $350/mo,362129,https://www.zillow.com/homedetails/1496-Parkway-Dr-Rohnert-Park-CA-94928/15855471_zpid/,"1,162",2, 1, 1, 2, 2, Yes,871, Condo, No,1982,Not_Found,86.67," $2,305"," $182,680"
52,"1442 Gold Way, Rohnert Park, CA 94928",Rohnert Park,94928,CA,2,324500,BHHS Drysdale Properties, $418/mo,327592,https://www.zillow.com/homedetails/1442-Gold-Way-Rohnert-Park-CA-94928/15856818_zpid/,984,2, 1, 1, 0, 2, Yes,1, Condo, No,1985,Not_Found,93.87," $2,999"," $132,071"
53,"5449 Kaitlyn Pl, Rohnert Park, CA 94928",Rohnert Park,94928,CA,3,660000,BHHS Drysdale Properties, $110/mo,660004,https://www.zillow.com/homedetails/5449-Kaitlyn-Pl-Rohnert-Park-CA-94928/241694602_zpid/,"1,838",3, 2, 1, 2, 2,Not_Found,"3,920", Single Family, No,2017,Not_Found,Not_Found," $9,468"," $573,780"
54,"17 Walnut Cir, Rohnert Park, CA 94928",Rohnert Park,94928,CA,2,99500,KB Home,Not_Found,118600,https://www.zillow.com/homedetails/17-Walnut-Cir-Rohnert-Park-CA-94928/119686789_zpid/,"1,344",2, 2,Not_Found, 0,Not_Found,Not_Found,36.87, Mobile / Manufactured, No,1989,Not_Found,84.27,Not_Found," $34,214"
55,"786 Racquet Club Cir, Rohnert Park, CA 94928",Rohnert Park,94928,CA,2,375000,RE/MAX Marketplace, $435/mo,375002,https://www.zillow.com/homedetails/786-Racquet-Club-Cir-Rohnert-Park-CA-94928/15854975_zpid/,"1,182",1, 1,Not_Found, 0, 1, Yes,"1,742", Condo, No,1978,Not_Found,90.67," $1,568"," $120,480"
56,"Buildable plan Plan 1936 Modeled, Live Oak at University District, Rohnert Park, CA 94928",Rohnert Park,94928,CA,3,658000,"Alta Realty Group Ca, Inc.",Not_Found,Not_Found,https://www.zillow.com/community/live-oak-at-university-district/2081967313_zpid/,"1,936",3, 2, 1, 2, 1,Not_Found,Not_Found, Single Family, Yes,Not_Found,Not_Found,Not_Found,Not_Found,Not_Found
57,"1313 Southwest Blvd APT G, Rohnert Park, CA 94928",Rohnert Park,94928,CA,2,290000,RE/MAX Gold,Not_Found,305000,https://www.zillow.com/homedetails/1313-Southwest-Blvd-APT-G-Rohnert-Park-CA-94928/2079119641_zpid/,781,1, 1,Not_Found, 0,Not_Found,Not_Found,435, Condo, No,1973,Not_Found,Not_Found,Not_Found,Not_Found
58,"513 Corte Naranja, Rohnert Park, CA 94928",Rohnert Park,94928,CA,3,235000,Coldwell Banker Realty,Not_Found,235000,https://www.zillow.com/homedetails/513-Corte-Naranja-Rohnert-Park-CA-94928/119686499_zpid/,"1,792",2, 2,Not_Found, 0,Not_Found,Not_Found,"1,742", Mobile / Manufactured, No,1990,Not_Found,Not_Found,Not_Found," $45,423"
59,"6039 Dolores Dr, Rohnert Park, CA 94928",Rohnert Park,94928,CA,4,755000,Century 21 NorthBay Alliance,Not_Found,755003,https://www.zillow.com/homedetails/6039-Dolores-Dr-Rohnert-Park-CA-94928/15841121_zpid/,"2,224",3, 3,Not_Found, 2, 2, Yes,0.27, Single Family, No,1976,Not_Found,93.06," $8,834"," $717,000"
60,"956 Santa Cruz Way, Rohnert Park, CA 94928",Rohnert Park,94928,CA,2,479000,Coldwell Banker Realty, $460/mo,478716,https://www.zillow.com/homedetails/956-Santa-Cruz-Way-Rohnert-Park-CA-94928/15841043_zpid/,"1,536",2, 2,Not_Found, 0, 2, Yes,1, Condo, No,1974,Not_Found,84.27," $5,759"," $474,300"
61,"196 Circulo Jalisco, Rohnert Park, CA 94928",Rohnert Park,94928,CA,3,179950,KB Home South Bay Inc.,Not_Found,177824,https://www.zillow.com/homedetails/196-Circulo-Jalisco-Rohnert-Park-CA-94928/2077896950_zpid/,"1,440",2, 2,Not_Found, 0,Not_Found,Not_Found,Not_Found, Mobile / Manufactured, No,1977,Not_Found,Not_Found,Not_Found,Not_Found
62,"168 Rancho Verde Cir, Rohnert Park, CA 94928",Rohnert Park,94928,CA,3,235000,KB Home South Bay Inc.,Not_Found,235000,https://www.zillow.com/homedetails/168-Rancho-Verde-Cir-Rohnert-Park-CA-94928/96062018_zpid/,"1,400",2, 2,Not_Found, 0,Not_Found,Not_Found,41.40, Mobile / Manufactured, No,2006,Not_Found,Not_Found,Not_Found," $75,679"
63,"5838 Kittyhawk Pl, Rohnert Park, CA 94928",Rohnert Park,94928,CA,3,665000,Signature Homes, $105/mo,671742,https://www.zillow.com/homedetails/5838-Kittyhawk-Pl-Rohnert-Park-CA-94928/300265949_zpid/,"1,936",3, 2, 1, 0, 1,Not_Found,"4,356", Single Family, No,2020,Not_Found,Not_Found," $5,136"," $249,900"
64,"5834 Kittyhawk Pl, Rohnert Park, CA 94928",Rohnert Park,94928,CA,5,768227,Richmond American Homes, $100/mo,764549,https://www.zillow.com/homedetails/5834-Kittyhawk-Pl-Rohnert-Park-CA-94928/300265987_zpid/,"2,702",4, 3, 1, 0, 2,Not_Found,"4,356", Single Family, No,2020,Not_Found,Not_Found," $5,136"," $249,900"
65,"5627 Kameron Pl, Rohnert Park, CA 94928",Rohnert Park,94928,CA,4,783563,KB Home South Bay Inc.,Not_Found,Not_Found,https://www.zillow.com/homedetails/5627-Kameron-Pl-Rohnert-Park-CA-94928/300266153_zpid/,"2,600",4, 3, 1, 2, 2,Not_Found,"4,000", Single Family, Yes,2020,Not_Found,Not_Found," $4,543"," $218,484"
66,"Buildable plan Lamont, Juniper at University District, Rohnert Park, CA 94928",Rohnert Park,94928,CA,3,619950,Century 21 NorthBay Alliance,Not_Found,Not_Found,https://www.zillow.com/community/juniper-at-university-district/2078676717_zpid/,"1,970",3, 2, 1, 2, 2,Not_Found,Not_Found, Single Family, Yes,Not_Found,Not_Found,Not_Found,Not_Found,Not_Found
67,"5819 Kittyhawk Pl, Rohnert Park, CA 94928",Rohnert Park,94928,CA,3,689662,"CORE Vision Realty, Inc", $105/mo,695091,https://www.zillow.com/homedetails/5819-Kittyhawk-Pl-Rohnert-Park-CA-94928/300266116_zpid/,"1,936",3, 2, 1, 0, 1,Not_Found,"4,356", Single Family, No,2020,Not_Found,Not_Found," $5,099"," $249,900"
68,"287 Circulo San Lucas, Rohnert Park, CA 94928",Rohnert Park,94928,CA,2,165000,Corcoran Global Living,Not_Found,163921,https://www.zillow.com/homedetails/287-Circulo-San-Lucas-Rohnert-Park-CA-94928/2121719587_zpid/,"1,248",2, 2,Not_Found, 0,Not_Found, Yes,Not_Found, Mobile / Manufactured, No,1976,Not_Found,Not_Found,Not_Found,Not_Found
69,"1722 Kenwood Pl, Rohnert Park, CA 94928",Rohnert Park,94928,CA,4,739900,KB Home, $105/mo,739900,https://www.zillow.com/homedetails/1722-Kenwood-Pl-Rohnert-Park-CA-94928/241873673_zpid/,"2,371",3, 3,Not_Found, 2, 2,Not_Found,"4,791", Single Family, No,2018,Not_Found,Not_Found," $10,505"," $782,902"
70,"284 Circulo San Lucas, Rohnert Park, CA 94928",Rohnert Park,94928,CA,2,245000,Century 21 NorthBay Alliance,Not_Found,237072,https://www.zillow.com/homedetails/284-Circulo-San-Lucas-Rohnert-Park-CA-94928/2093501210_zpid/,"1,765",2, 2,Not_Found, 2, 1,Not_Found,Not_Found, Mobile / Manufactured, No,1977,Not_Found,Not_Found,Not_Found,Not_Found
71,"Buildable plan Plan 1787 Modeled, Live Oak at University District, Rohnert Park, CA 94928",Rohnert Park,94928,CA,3,641000,KB Home,Not_Found,Not_Found,https://www.zillow.com/community/live-oak-at-university-district/2080403085_zpid/,"1,787",2, 2,Not_Found, 2, 1,Not_Found,Not_Found, Single Family, Yes,Not_Found,Not_Found,Not_Found,Not_Found,Not_Found
72,"181 Walnut Cir, Rohnert Park, CA 94928",Rohnert Park,94928,CA,2,122500,Signature Homes,Not_Found,118535,https://www.zillow.com/homedetails/181-Walnut-Cir-Rohnert-Park-CA-94928/2084608323_zpid/,"1,440",2, 2,Not_Found, 0,Not_Found,Not_Found,Not_Found, Mobile / Manufactured, No,1978,Not_Found,Not_Found,Not_Found,Not_Found
73,"Buildable plan Plan 2702, Live Oak at University District, Rohnert Park, CA 94928",Rohnert Park,94928,CA,5,737000,RE/MAX Marketplace,Not_Found,Not_Found,https://www.zillow.com/community/live-oak-at-university-district/2080001471_zpid/,"2,702",4, 3, 1, 2, 2,Not_Found,Not_Found, Single Family, Yes,Not_Found,Not_Found,Not_Found,Not_Found,Not_Found
74,"Buildable plan Residence 1, Sycamore at University District, Rohnert Park, CA 94928",Rohnert Park,94928,CA,3,655900,Key Properties,Not_Found,Not_Found,https://www.zillow.com/community/sycamore-at-university-district/2078526625_zpid/,"1,695",3, 2, 1, 2, 1,Not_Found,Not_Found, Single Family, Yes,Not_Found,Not_Found,Not_Found,Not_Found,Not_Found
75,"Southwest Blvd, Rohnert Park, CA 94928",Rohnert Park,94928,CA,2,290000,Richmond American Homes, $418/mo,319834,https://www.zillow.com/homedetails/Southwest-Blvd-Rohnert-Park-CA-94928/2121800247_zpid/,781,1, 1,Not_Found, 0, 1,Not_Found,Not_Found, Condo, No,1973,Not_Found,Not_Found,Not_Found,Not_Found
76,"7488 Bridgit Dr, Rohnert Park, CA 94928",Rohnert Park,94928,CA,8,2585000,Signature Homes,Not_Found,2510224,https://www.zillow.com/homedetails/7488-Bridgit-Dr-Rohnert-Park-CA-94928/2080979850_zpid/,"5,400",0,Not_Found,Not_Found, 8,Not_Found,Not_Found,0.40, Multiple Occupancy, No,1973,Not_Found,89.86,Not_Found,Not_Found
77,"Buildable plan Stafford, Juniper at University District, Rohnert Park, CA 94928",Rohnert Park,94928,CA,3,681950,Signature Homes,Not_Found,Not_Found,https://www.zillow.com/community/juniper-at-university-district/2078676719_zpid/,"2,490",3, 2, 1, 2, 2,Not_Found,Not_Found, Single Family, Yes,Not_Found,Not_Found,Not_Found,Not_Found,Not_Found
78,"Buildable plan Residence 4, Sycamore at University District, Rohnert Park, CA 94928",Rohnert Park,94928,CA,4,758369,Coldwell Banker Realty,Not_Found,Not_Found,https://www.zillow.com/community/sycamore-at-university-district/2085899141_zpid/,"2,600",4, 3, 1, 2, 2,Not_Found,Not_Found, Single Family, Yes,Not_Found,Not_Found,Not_Found,Not_Found,Not_Found
79,"Buildable plan Residence 3, Sycamore at University District, Rohnert Park, CA 94928",Rohnert Park,94928,CA,4,752284,RE/MAX Marketplace,Not_Found,Not_Found,https://www.zillow.com/community/sycamore-at-university-district/2078526623_zpid/,"2,421",4, 3, 1, 2, 2,Not_Found,Not_Found, Single Family, Yes,Not_Found,Not_Found,Not_Found,Not_Found,Not_Found
80,"1225 Ridgeley Dr, Campbell, CA 95008",Campbell,95008,CA,2,1300000,Realty One Group Complete,Not_Found,1357370,https://www.zillow.com/homedetails/1225-Ridgeley-Dr-Campbell-CA-95008/19592717_zpid/,"1,125",1, 1,Not_Found, 3, 1,Not_Found,"9,583", Single Family, No,1947, All Public,95.26," $9,442"," $694,231"
81,"692 Gale Dr, Campbell, CA 95008",Campbell,95008,CA,3,668302,Windermere Valley Properties, $175/mo,683985,https://www.zillow.com/homedetails/692-Gale-Dr-Campbell-CA-95008/121043366_zpid/,"2,120",3, 2, 1, 2,Not_Found,Not_Found,"2,178", Townhouse, No,2012, Public Utilities,95.26," $8,416"," $601,126"
82,"605 El Patio Dr, Campbell, CA 95008",Campbell,95008,CA,3,999888,Keller Williams Realty-Silicon Valley, $250/mo,1042880,https://www.zillow.com/homedetails/605-El-Patio-Dr-Campbell-CA-95008/19588523_zpid/,"1,680",3, 2, 1, 2,Not_Found, Yes,"3,615", Single Family, No,1980, Public Utilities,88.86," $11,538"," $870,336"
83,"244 Gomes Ct APT 2, Campbell, CA 95008",Campbell,95008,CA,2,629950,Golden Bay Properties, $353/mo,645314,https://www.zillow.com/homedetails/244-Gomes-Ct-APT-2-Campbell-CA-95008/19588121_zpid/,903,1, 1,Not_Found, 1,Not_Found,Not_Found,"2,010", Condo, No,1971, Public Utilities,Not_Found," $3,204"," $190,436"
84,"81 Timber Cove Dr, Campbell, CA 95008",Campbell,95008,CA,2,399000,KW Bay Area Estates," $1,148/mo",416354,https://www.zillow.com/homedetails/81-Timber-Cove-Dr-Campbell-CA-95008/2078002992_zpid/,"1,440",2, 2,Not_Found, 3, 1,Not_Found,"3,000", Single Family, No,1976,Not_Found,Not_Found,Not_Found,Not_Found
85,"136 Alice Ave, Campbell, CA 95008",Campbell,95008,CA,3,1395000,Coldwell Banker Realty,Not_Found,1483341,https://www.zillow.com/homedetails/136-Alice-Ave-Campbell-CA-95008/19669283_zpid/,"1,616",2, 1, 1, 6,Not_Found, Yes,"8,812", Single Family, No,1940, Public Utilities,89.66," $4,431"," $281,810"
86,"205 Sunkist Way, Campbell, CA 95008",Campbell,95008,CA,4,1598000,Compass, $242/mo,1631466,https://www.zillow.com/homedetails/205-Sunkist-Way-Campbell-CA-95008/243211329_zpid/,"2,165",4, 3, 1, 2,Not_Found,Not_Found,"1,071", Townhouse, No,2017," Individual Electric Meters, Public Utilities, Individual Gas Meters",Not_Found," $18,295"," $1,435,000"
87,"91 N 1st St, Campbell, CA 95008",Campbell,95008,CA,2,1200000,Keller Williams Realty-Silicon Valley,Not_Found,1262222,https://www.zillow.com/homedetails/91-N-1st-St-Campbell-CA-95008/19588452_zpid/,"1,379",1, 1,Not_Found, 0,Not_Found,Not_Found,"7,540", Single Family, No,1912, Public Utilities,95.26," $1,477"," $50,068"
88,"223 S Peter Dr, Campbell, CA 95008",Campbell,95008,CA,3,1475000,Compass,Not_Found,1569148,https://www.zillow.com/homedetails/223-S-Peter-Dr-Campbell-CA-95008/19593161_zpid/,"1,690",2, 1, 1, 2,Not_Found, Yes,"9,731", Single Family, No,1952, Public Utilities,95.26," $2,055"," $86,110"
89,"211 Chalet Woods Pl, Campbell, CA 95008",Campbell,95008,CA,3,980000,Keller Williams-Santa Cruz, $245/mo,997850,https://www.zillow.com/homedetails/211-Chalet-Woods-Pl-Campbell-CA-95008/19670649_zpid/,"1,500",3, 2, 1, 2,Not_Found, Yes,"1,315", Townhouse, No,1995, Public Utilities,95.26," $5,620"," $385,740"
90,"184 Lu Anne Dr, Campbell, CA 95008",Campbell,95008,CA,3,1489888,Keller Williams Realty - Cupertino,Not_Found,1596309,https://www.zillow.com/homedetails/184-Lu-Anne-Dr-Campbell-CA-95008/19613129_zpid/,"1,502",2, 2,Not_Found, 2,Not_Found, Yes,"6,072", Single Family, No,1960, Public Utilities,92.86," $12,022"," $900,783"
91,"630 W Latimer Ave, Campbell, CA 95008",Campbell,95008,CA,3,1449900,Compass,Not_Found,1553465,https://www.zillow.com/homedetails/630-W-Latimer-Ave-Campbell-CA-95008/19613453_zpid/,"1,523",2, 2,Not_Found, 2,Not_Found, Yes,"6,268", Single Family, No,1973," Individual Electric Meters, Public Utilities, Natural Gas, Individual Gas Meters",87.26," $11,703"," $874,685"
92,"1188 Salerno Dr, Campbell, CA 95008",Campbell,95008,CA,3,1250000,The Property Network,Not_Found,1304226,https://www.zillow.com/homedetails/1188-Salerno-Dr-Campbell-CA-95008/19670852_zpid/,"1,115",2, 1, 1, 2,Not_Found, Yes,"7,662", Single Family, No,1950, Public Utilities,90.46," $11,162"," $824,200"
93,"1436 Abbott Ave, Campbell, CA 95008",Campbell,95008,CA,5,2850000,Sereno Group,Not_Found,1760702,https://www.zillow.com/homedetails/1436-Abbott-Ave-Campbell-CA-95008/19659656_zpid/,"3,428",4, 3, 1, 2,Not_Found, Yes,"8,755", Single Family, No,2020, Public Utilities,Not_Found," $14,649"," $1,175,000"
94,"1751 Grace Ave, San Jose, CA 95125",San Jose,95125,CA,4,1299000,Intero Real Estate Services,Not_Found,1368535,https://www.zillow.com/homedetails/1751-Grace-Ave-San-Jose-CA-95125/19593576_zpid/,"1,658",3, 2, 1, 2,Not_Found, Yes,"7,893", Single Family, No,1949, Public Utilities,89.54," $7,755"," $556,773"
95,"505 Sunnybrook Dr, Campbell, CA 95008",Campbell,95008,CA,5,1199999,Acres Real Estate Services,Not_Found,1199585,https://www.zillow.com/homedetails/505-Sunnybrook-Dr-Campbell-CA-95008/19663872_zpid/,"3,200",5, 4, 1, 1,Not_Found,Not_Found,"8,315", Single Family, No,2020, Public Utilities,87.26," $8,142"," $589,304"
96,"1572 Theresa Ave, Campbell, CA 95008",Campbell,95008,CA,5,2799000,Forrest Properties,Not_Found,2812233,https://www.zillow.com/homedetails/1572-Theresa-Ave-Campbell-CA-95008/19665382_zpid/,"3,095",4, 3, 1, 0,Not_Found, Yes,"10,693", Single Family, No,2020, Public Utilities,70.46," $2,252"," $151,391"
97,"2281 Central Park Dr, Campbell, CA 95008",Campbell,95008,CA,4,1399000,Realty World Dominion,Not_Found,1486987,https://www.zillow.com/homedetails/2281-Central-Park-Dr-Campbell-CA-95008/19670382_zpid/,"1,687",2, 2,Not_Found, 2, 2, Yes,"7,048", Single Family, No,1961," Individual Electric Meters, Individual Gas Meters",92.06," $4,952"," $301,882"
98,"871 Virginia Ave, Campbell, CA 95008",Campbell,95008,CA,4,2200000,Intero Real Estate Services,Not_Found,1960947,https://www.zillow.com/homedetails/871-Virginia-Ave-Campbell-CA-95008/19664498_zpid/,"2,860",4, 3, 1, 3,Not_Found, Yes,"9,696", Single Family, No,2019, Public Utilities,95.26," $21,216"," $1,665,778"
99,"371 N 1st St APT 3, Campbell, CA 95008",Campbell,95008,CA,2,625000,Westside Real Estate Services, $353/mo,637116,https://www.zillow.com/homedetails/371-N-1st-St-APT-3-Campbell-CA-95008/19588198_zpid/,903,1, 1,Not_Found, 1,Not_Found,Not_Found,"2,000", Condo, No,1971," Public Utilities, Individual Gas Meters",Not_Found," $6,643"," $481,072"
100,"1336 Peggy Ct, Campbell, CA 95008",Campbell,95008,CA,4,1898888,Intero Real Estate Services,Not_Found,1938078,https://www.zillow.com/homedetails/1336-Peggy-Ct-Campbell-CA-95008/19665151_zpid/,"2,962",4, 3, 1, 2,Not_Found, Yes,"6,446", Single Family, No,1983, Public Utilities,95.26," $5,380"," $363,165"
101,"704 Duncanville Ct, Campbell, CA 95008",Campbell,95008,CA,4,999888,"AEZ Investment, Inc.", $455/mo,1018510,https://www.zillow.com/homedetails/704-Duncanville-Ct-Campbell-CA-95008/112095348_zpid/,"2,230",3, 2, 1, 2,Not_Found, Yes,"2,230", Townhouse, No,1978, Public Utilities,93.66," $5,085"," $347,615"
102,"2570 Downing Ave, San Jose, CA 95128",San Jose,95128,CA,3,958000,Redfin, $250/mo,978464,https://www.zillow.com/homedetails/2570-Downing-Ave-San-Jose-CA-95128/19589354_zpid/,"1,693",3, 2, 1, 2,Not_Found, Yes,"1,738", Townhouse, No,1979, Public Utilities,95.26," $6,411"," $452,596"
103,"592 Harrison Ave, Campbell, CA 95008",Campbell,95008,CA,3,1199999,Compass,Not_Found,1282135,https://www.zillow.com/homedetails/592-Harrison-Ave-Campbell-CA-95008/19587841_zpid/,"1,776",3, 2, 1, 2,Not_Found, Yes,"6,904", Single Family, No,1955, Public Utilities,87.26," $11,170"," $846,162"
104,"231 Shelley Ave, Campbell, CA 95008",Campbell,95008,CA,3,1249000,Compass, $137/mo,1272261,https://www.zillow.com/homedetails/231-Shelley-Ave-Campbell-CA-95008/19673116_zpid/,"2,002",3, 2, 1, 3, 2, Yes,"1,851", Townhouse, No,1990, Public Utilities,93.66," $10,380"," $800,962"
105,"950 S San Tomas Aquino Rd, Campbell, CA 95008",Campbell,95008,CA,3,975000,Robson Homes, $455/mo,985217,https://www.zillow.com/homedetails/950-S-San-Tomas-Aquino-Rd-Campbell-CA-95008/19665867_zpid/,"1,598",3, 2, 1, 1,Not_Found, Yes,814, Townhouse, No,1983, Public Utilities,Not_Found," $6,556"," $466,377"
106,"Buildable plan Coming Soon, Haymarket Court, Campbell, CA 95008",Campbell,95008,CA,0,Not_Found,Intempus Realty,Not_Found,Not_Found,https://www.zillow.com/community/haymarket-court/2077768090_zpid/,Not_Found,0,Not_Found,Not_Found, 0,Not_Found,Not_Found,Not_Found, Single Family, Yes,Not_Found,Not_Found,Not_Found,Not_Found,Not_Found
107,"286 W Sunnyoaks Ave APT B, Campbell, CA 95008",Campbell,95008,CA,3,999888,Compass, $180/mo,1019100,https://www.zillow.com/homedetails/286-W-Sunnyoaks-Ave-APT-B-Campbell-CA-95008/19665931_zpid/,"1,477",2, 2,Not_Found, 2,Not_Found, Yes,"1,285", Townhouse, No,1987, Public Utilities,88.86," $11,400"," $867,000"
108,"453 Carlyn Ave, Campbell, CA 95008",Campbell,95008,CA,2,1199800,Sereno Group,Not_Found,1283985,https://www.zillow.com/homedetails/453-Carlyn-Ave-Campbell-CA-95008/19609525_zpid/,"1,524",2, 2,Not_Found, 2,Not_Found, Yes,"10,049", Single Family, No,1950, Public Utilities,89.66," $1,754"," $67,877"
109,"134 Salice Way, Campbell, CA 95008",Campbell,95008,CA,2,889000,Coldwell Banker Realty, $370/mo,906469,https://www.zillow.com/homedetails/134-Salice-Way-Campbell-CA-95008/19610343_zpid/,"1,141",2, 1, 1, 1,Not_Found, Yes,"1,010", Townhouse, No,1976, Public Utilities,Not_Found," $12,960"," $994,500"
110,"185 Union Ave APT 1, Campbell, CA 95008",Campbell,95008,CA,1,449000,Sereno Group, $342/mo,461781,https://www.zillow.com/homedetails/185-Union-Ave-APT-1-Campbell-CA-95008/19669599_zpid/,704,1, 1,Not_Found, 1,Not_Found,Not_Found,704, Condo, No,1978, Public Utilities,92.06," $3,410"," $200,981"
111,"104 Timber Cove Dr 104, Campbell, CA 95008",Campbell,95008,CA,2,268800,Intero Real Estate Services,Not_Found,Not_Found,https://www.zillow.com/homedetails/104-Timber-Cove-Dr-104-Campbell-CA-95008/2077753586_zpid/,"1,536",2, 2,Not_Found, 0,Not_Found, Yes,Not_Found, Mobile / Manufactured, No,1975, Public Utilities,Not_Found,Not_Found,Not_Found
112,"157 Redding Rd, Campbell, CA 95008",Campbell,95008,CA,2,899900,Intero Real Estate Services, $368/mo,916462,https://www.zillow.com/homedetails/157-Redding-Rd-Campbell-CA-95008/19672994_zpid/,"1,152",2, 1, 1, 1,Not_Found, Yes,"1,807", Townhouse, No,1986, Public Utilities,86.46," $4,863"," $329,120"
113,"1196 Capri Dr, Campbell, CA 95008",Campbell,95008,CA,3,1099950,Coldwell Banker Realty, $360/mo,1121434,https://www.zillow.com/homedetails/1196-Capri-Dr-Campbell-CA-95008/19665796_zpid/,"1,990",3, 2, 1, 19,Not_Found, Yes,"1,633", Townhouse, No,1981," Individual Electric Meters, Individual Gas Meters",95.26," $8,624"," $636,947"
114,"42 Carlyn Ave, Campbell, CA 95008",Campbell,95008,CA,3,1300000,Sequoia Realty Services,Not_Found,1307786,https://www.zillow.com/homedetails/42-Carlyn-Ave-Campbell-CA-95008/19609757_zpid/,"1,200",2, 2,Not_Found, 1,Not_Found, Yes,"7,592", Single Family, No,1940," Public Utilities, Natural Gas",89.66," $7,943"," $579,912"
115,"940 Hazel Ave, Campbell, CA 95008",Campbell,95008,CA,4,1898000,Coldwell Banker Realty,Not_Found,1959082,https://www.zillow.com/homedetails/940-Hazel-Ave-Campbell-CA-95008/19664488_zpid/,"2,337",3, 3,Not_Found, 2,Not_Found,Not_Found,"6,394", Single Family, No,1972, Individual Gas Meters,89.66," $7,388"," $536,452"
116,"236 Watson Dr APT 4, Campbell, CA 95008",Campbell,95008,CA,2,668000,RED OAK REALTY, $353/mo,616306,https://www.zillow.com/homedetails/236-Watson-Dr-APT-4-Campbell-CA-95008/19588183_zpid/,798,1, 1,Not_Found, 1,Not_Found,Not_Found,"2,000", Condo, No,1971," Individual Electric Meters, Public Utilities",95.26," $6,417"," $462,394"
117,"532 Fierro Loop, Campbell, CA 95008",Campbell,95008,CA,4,1299000,Intero Real Estate Services, $210/mo,1313011,https://www.zillow.com/homedetails/532-Fierro-Loop-Campbell-CA-95008/124745914_zpid/,"1,729",4, 3, 1, 2,Not_Found,Not_Found,892, Townhouse, No,2015," Public Utilities, Natural Gas",84.06," $17,142"," $1,318,860"
118,"1311 Munro Ave, Campbell, CA 95008",Campbell,95008,CA,2,1269000,Compass,Not_Found,1333829,https://www.zillow.com/homedetails/1311-Munro-Ave-Campbell-CA-95008/19659604_zpid/,"1,312",2, 1, 1, 6, 1,Not_Found,"8,036", Single Family, No,1941, Public Utilities,Not_Found," $3,026"," $174,550"
119,"50 Union Ave, Campbell, CA 95008",Campbell,95008,CA,3,891000,Realty One Group Complete, $490/mo,891005,https://www.zillow.com/homedetails/50-Union-Ave-Campbell-CA-95008/2078792672_zpid/,"1,221",2, 2,Not_Found, 0,Not_Found, Yes,"1,424", Townhouse, No,1978, Public Utilities,Not_Found,Not_Found,Not_Found
120,"404 Casa Del Mar Dr, Half Moon Bay, CA 94019",Half Moon Bay,94019,CA,4,1300000,Intero Real Estate Services,Not_Found,1247203,https://www.zillow.com/homedetails/404-Casa-Del-Mar-Dr-Half-Moon-Bay-CA-94019/15553965_zpid/,"1,870",2, 2,Not_Found, 0,Not_Found, Yes,"6,120", Single Family, No,1970," Public Utilities, Natural Gas",85.51," $6,776"," $506,759"
121,"1501 Spinnaker Ln, Half Moon Bay, CA 94019",Half Moon Bay,94019,CA,3,1179000,Compass,Not_Found,1195077,https://www.zillow.com/homedetails/1501-Spinnaker-Ln-Half-Moon-Bay-CA-94019/15554226_zpid/,"1,140",2, 2,Not_Found, 0,Not_Found, Yes,"7,139", Single Family, No,1971, Public Utilities,84.71," $11,584"," $953,700"
122,"730 Avenue Balboa, El Granada, CA 94019",El Granada,94019,CA,3,1225000,Ocean Blue Real Estate,Not_Found,1246819,https://www.zillow.com/homedetails/730-Avenue-Balboa-El-Granada-CA-94019/15552514_zpid/,"1,910",3, 2, 1, 0,Not_Found, Yes,"5,649", Single Family, No,1989, Public Utilities,73.54," $6,922"," $547,494"
123,"484 Poplar St, Half Moon Bay, CA 94019",Half Moon Bay,94019,CA,2,995000,KW Peninsula Estates,Not_Found,1017155,https://www.zillow.com/homedetails/484-Poplar-St-Half-Moon-Bay-CA-94019/181455404_zpid/,922,2, 2,Not_Found, 0,Not_Found, Yes,"3,471", Single Family, No,2016, Public Utilities,75.11," $6,466"," $499,068"
124,"148 Escalona Ave, El Granada, CA 94019",El Granada,94019,CA,3,1549000,Coldwell Banker Realty,Not_Found,1576919,https://www.zillow.com/homedetails/148-Escalona-Ave-El-Granada-CA-94019/15552550_zpid/,"2,620",3, 3,Not_Found, 0,Not_Found, Yes,"5,610", Single Family, No,1996," Public Utilities, Solar Panels - Leased",72.74," $8,672"," $693,508"
125,"514 Avenue Portola, El Granada, CA 94018",El Granada,94018,CA,3,1250000,Ocean Blue Real Estate,Not_Found,1286794,https://www.zillow.com/homedetails/514-Avenue-Portola-El-Granada-CA-94018/249628468_zpid/,"2,030",3, 3,Not_Found, 0,Not_Found, Yes,"6,050", Single Family, No,1982, Public Utilities,71.14," $10,499"," $860,314"
126,"345 Belleville Blvd, Half Moon Bay, CA 94019",Half Moon Bay,94019,CA,4,1390950,Coldwell Banker Realty,Not_Found,1446673,https://www.zillow.com/homedetails/345-Belleville-Blvd-Half-Moon-Bay-CA-94019/240240291_zpid/,"2,144",3, 2, 1, 0,Not_Found, Yes,0.29, Single Family, No,2017, Public Utilities,70.31," $16,132"," $1,300,500"
127,"727 Main St, Half Moon Bay, CA 94019",Half Moon Bay,94019,CA,2,1550000,KW Peninsula Estates,Not_Found,1565126,https://www.zillow.com/homedetails/727-Main-St-Half-Moon-Bay-CA-94019/15570388_zpid/,"2,287",2, 1, 1, 0,Not_Found,Not_Found,"4,974", Single Family, No,1903, Public Utilities,84.71," $9,694"," $800,236"
128,"526 Spindrift Way, Half Moon Bay, CA 94019",Half Moon Bay,94019,CA,3,1005000,Golden Gate Sotheby's International Realty,Not_Found,1017296,https://www.zillow.com/homedetails/526-Spindrift-Way-Half-Moon-Bay-CA-94019/15554229_zpid/,"1,140",2, 2,Not_Found, 0,Not_Found,Not_Found,"5,998", Single Family, No,1971, Public Utilities,82.31," $10,337"," $817,129"
129,"445 Mirada Rd, Half Moon Bay, CA 94019",Half Moon Bay,94019,CA,4,Not_Found,Auction.com,Not_Found,4000,https://www.zillow.com/homedetails/445-Mirada-Rd-Half-Moon-Bay-CA-94019/15553528_zpid/,"2,450",4,Not_Found,Not_Found, 0,Not_Found, Yes,0.45, Single Family, No,2000,Not_Found,Not_Found," $14,275"," $1,168,505"
130,"551 Myrtle St, Half Moon Bay, CA 94019",Half Moon Bay,94019,CA,3,899000,Compass,Not_Found,902322,https://www.zillow.com/homedetails/551-Myrtle-St-Half-Moon-Bay-CA-94019/15588253_zpid/,"1,020",1, 1,Not_Found, 0,Not_Found,Not_Found,"3,885", Single Family, No,1959, Public Utilities,86.31," $6,342"," $457,064"
131,"251 Granelli Ave, Half Moon Bay, CA 94019",Half Moon Bay,94019,CA,4,1895000,Intero Real Estate Services,Not_Found,1929155,https://www.zillow.com/homedetails/251-Granelli-Ave-Half-Moon-Bay-CA-94019/15570187_zpid/,"2,940",3, 2, 1, 2,Not_Found, Yes,"5,501", Single Family, No,1989, Public Utilities,76.71," $17,303"," $1,362,924"
132,"00 Wavecrest, Half Moon Bay, CA 94019",Half Moon Bay,94019,CA,for,35000,Coldwell Banker Realty,Not_Found,Not_Found,https://www.zillow.com/homedetails/00-Wavecrest-Half-Moon-Bay-CA-94019/2080967615_zpid/,Not_Found,Not_Found,Not_Found,Not_Found,Not_Found,Not_Found,Not_Found,Not_Found,Not_Found,Not_Found,Not_Found, None / No Utilities,Not_Found,Not_Found,Not_Found
133,"1 Ashdown Pl, Half Moon Bay, CA 94019",Half Moon Bay,94019,CA,5,2400000,Compass, $125/mo,2327928,https://www.zillow.com/homedetails/1-Ashdown-Pl-Half-Moon-Bay-CA-94019/15589170_zpid/,"4,300",4, 3, 1, 3, 2, Yes,"10,360", Single Family, No,1990,Not_Found,79.11," $19,864"," $1,576,944"
134,"210 Amesport Lndg, Half Moon Bay, CA 94019",Half Moon Bay,94019,CA,2,725000,Coldwell Banker Realty, $448/mo,Not_Found,https://www.zillow.com/homedetails/210-Amesport-Lndg-Half-Moon-Bay-CA-94019/2077749901_zpid/,908,1, 1,Not_Found, 0,Not_Found, Yes,Not_Found, Condo, No,1990, Natural Gas,90.31,Not_Found,Not_Found
135,"10 Mirada Rd, Half Moon Bay, CA 94019",Half Moon Bay,94019,CA,2,1700000,Coldwell Banker Realty, $850/mo,1729770,https://www.zillow.com/homedetails/10-Mirada-Rd-Half-Moon-Bay-CA-94019/15553643_zpid/,"1,600",3, 2, 1, 0, 3,Not_Found,"1,738", Townhouse, No,1986," Individual Electric Meters, Individual Gas Meters",92.71," $5,743"," $437,350"
136,"115 Carnoustie Dr, Half Moon Bay, CA 94019",Half Moon Bay,94019,CA,4,2595000,Element RE, $131/mo,2562783,https://www.zillow.com/homedetails/115-Carnoustie-Dr-Half-Moon-Bay-CA-94019/181456419_zpid/,"3,584",4, 3, 1, 0,Not_Found, Yes,"8,093", Single Family, No,2015, Public Utilities,87.11," $27,843"," $2,334,656"
137,"529 Terrace Ave, Half Moon Bay, CA 94019",Half Moon Bay,94019,CA,5,1299988,Coldwell Banker Realty,Not_Found,1326884,https://www.zillow.com/homedetails/529-Terrace-Ave-Half-Moon-Bay-CA-94019/15569797_zpid/,"2,060",3, 3,Not_Found, 0,Not_Found,Not_Found,"5,301", Single Family, No,1963, Public Utilities,85.51," $6,746"," $501,148"
138,"0 Higgins Canyon Rd, Half Moon Bay, CA 94019",Half Moon Bay,94019,CA,for,375000,Golden Gate Sotheby's International Realty,Not_Found,Not_Found,https://www.zillow.com/homedetails/0-Higgins-Canyon-Rd-Half-Moon-Bay-CA-94019/2078948587_zpid/,Not_Found,Not_Found,Not_Found,Not_Found,Not_Found,Not_Found,Not_Found,Not_Found,Not_Found,Not_Found,Not_Found, Electricity - Available at Street,Not_Found,Not_Found,Not_Found
139,"183 Ocean Blvd, El Granada, CA 94018",El Granada,94018,CA,1,2300000,Green Banker Realty,Not_Found,2263492,https://www.zillow.com/homedetails/183-Ocean-Blvd-El-Granada-CA-94018/2079372973_zpid/,"2,500",3, 2, 1, 0,Not_Found,Not_Found,"2,500", Single Family, No,2003," Public Utilities, Solar Panels - Owned",Not_Found,Not_Found,Not_Found
140,"365 Coronado Ave, El Granada, CA 94019",El Granada,94019,CA,3,1699000,Compass,Not_Found,1727517,https://www.zillow.com/homedetails/365-Coronado-Ave-El-Granada-CA-94019/15553543_zpid/,"2,640",3, 2, 1, 2,Not_Found, Yes,"6,599", Single Family, No,1994, Public Utilities,85.51," $17,557"," $1,470,638"
141,"220 Granelli Ave, Half Moon Bay, CA 94019",Half Moon Bay,94019,CA,3,2095000,Atlantic Realty,Not_Found,2194872,https://www.zillow.com/homedetails/220-Granelli-Ave-Half-Moon-Bay-CA-94019/15570203_zpid/,"2,304",3, 3,Not_Found, 0,Not_Found, Yes,"5,501", Single Family, No,2003," Public Utilities, Natural Gas, Master Meter",76.71," $8,442"," $678,928"
142,"250 San Mateo Rd SPACE 5, Half Moon Bay, CA 94019",Half Moon Bay,94019,CA,3,250000,eXp Realty of California Inc.,Not_Found,253839,https://www.zillow.com/homedetails/250-San-Mateo-Rd-SPACE-5-Half-Moon-Bay-CA-94019/2079397536_zpid/,772,2, 2,Not_Found, 0,Not_Found,Not_Found,553, Mobile / Manufactured, No,1971, Other-Rmks,Not_Found,Not_Found,Not_Found
143,"7 Anchor Way 7, Half Moon Bay, CA 94019",Half Moon Bay,94019,CA,3,519000,Golden Gate Sotheby's International Realty,Not_Found,547888,https://www.zillow.com/homedetails/7-Anchor-Way-7-Half-Moon-Bay-CA-94019/2077944180_zpid/,"1,568",2, 2,Not_Found, 0,Not_Found,Not_Found,Not_Found, Mobile / Manufactured, No,2006," Individual Gas Meters, Public Utilities, Natural Gas",Not_Found,Not_Found,Not_Found
144,"0 San Pedro Rd, El Granada, CA 94018",El Granada,94018,CA,for,298000,RE/MAX Gold,Not_Found,Not_Found,https://www.zillow.com/homedetails/0-San-Pedro-Rd-El-Granada-CA-94018/2077955584_zpid/,Not_Found,Not_Found,Not_Found,Not_Found,Not_Found,Not_Found,Not_Found,Not_Found,Not_Found,Not_Found,Not_Found, Other,Not_Found,Not_Found,Not_Found
145,"0 Fernandez Ave, Half Moon Bay, CA 94019",Half Moon Bay,94019,CA,for,155000,Coldwell Banker Realty,Not_Found,Not_Found,https://www.zillow.com/homedetails/0-Fernandez-Ave-Half-Moon-Bay-CA-94019/2097838861_zpid/,Not_Found,Not_Found,Not_Found,Not_Found,Not_Found,Not_Found,Not_Found,Not_Found,Not_Found,Not_Found,Not_Found, None / No Utilities,Not_Found,Not_Found,Not_Found
146,"4100 Cabrillo Hwy 103, El Granada, CA 94019",El Granada,94019,CA,0,533900,Coldwell Banker Realty, $917/mo,540508,https://www.zillow.com/homedetails/4100-Cabrillo-Hwy-103-El-Granada-CA-94019/2081110427_zpid/,515,1, 1,Not_Found, 0,Not_Found, Yes,Not_Found, Condo, No,1997, Public Utilities,Not_Found,Not_Found,Not_Found
147,"90 Seascape Dr 90, Half Moon Bay, CA 94019",Half Moon Bay,94019,CA,3,525000,Own Real Estate,Not_Found,558227,https://www.zillow.com/homedetails/90-Seascape-Dr-90-Half-Moon-Bay-CA-94019/2078001924_zpid/,"1,776",0,Not_Found,Not_Found, 0,Not_Found, Yes,Not_Found, Mobile / Manufactured, No,1983, Public Utilities,Not_Found,Not_Found,Not_Found
148,"323 Avenue Portola, El Granada, CA 94018",El Granada,94018,CA,3,1298000,Golden Gate Sotheby's International Realty,Not_Found,1318463,https://www.zillow.com/homedetails/323-Avenue-Portola-El-Granada-CA-94018/15553101_zpid/,"2,040",2, 2,Not_Found, 2, 1,Not_Found,"10,018", Single Family, No,1990, Public Utilities,79.14," $3,663"," $262,414"
149,"815 Avenue Balboa, El Granada, CA 94019",El Granada,94019,CA,3,1399000,Element RE,Not_Found,1442864,https://www.zillow.com/homedetails/815-Avenue-Balboa-El-Granada-CA-94019/15552446_zpid/,"1,900",3, 2, 1, 6, 2, Yes,"5,998", Single Family, No,1989," Individual Electric Meters, Natural Gas",79.94," $10,740"," $881,386"
150,"0 Ferdinand Ave, El Granada, CA 94018",El Granada,94018,CA,for,349900,Engel & Voelkers Santa Rosa,Not_Found,Not_Found,https://www.zillow.com/homedetails/0-Ferdinand-Ave-El-Granada-CA-94018/2103860698_zpid/,Not_Found,Not_Found,Not_Found,Not_Found,Not_Found,Not_Found,Not_Found,Not_Found,Not_Found,Not_Found,Not_Found," Gas - Available at Street, Electricity - Available at Street, Public Utilities",Not_Found,Not_Found,Not_Found
151,"0 Grove St, Half Moon Bay, CA 94019",Half Moon Bay,94019,CA,Half,549000,PrimeCity Properties Co.,Not_Found,Not_Found,https://www.zillow.com/homedetails/0-Grove-St-Half-Moon-Bay-CA-94019/2078364978_zpid/,Not_Found,Not_Found,Not_Found,Not_Found,Not_Found,Not_Found,Not_Found,Not_Found,Not_Found,Not_Found,Not_Found,Not_Found,Not_Found,Not_Found,Not_Found
152,"474 Willow Ave, Half Moon Bay, CA 94019",Half Moon Bay,94019,CA,6,1549800,KW Peninsula Estates,Not_Found,1550282,https://www.zillow.com/homedetails/474-Willow-Ave-Half-Moon-Bay-CA-94019/15570270_zpid/,"3,105",3,Not_Found,Not_Found, 3, 2,Not_Found,"5,000", Multiple Occupancy, No,1964,Not_Found,88.71," $17,495"," $1,287,478"
153,"226 Avenue Cabrillo, Half Moon Bay, CA 94019",Half Moon Bay,94019,CA,for,590000,Compass,Not_Found,Not_Found,https://www.zillow.com/homedetails/226-Avenue-Cabrillo-Half-Moon-Bay-CA-94019/2077842026_zpid/,Not_Found,Not_Found,Not_Found,Not_Found,Not_Found,Not_Found,Not_Found,Not_Found,Not_Found,Not_Found,Not_Found, Public Utilities,Not_Found,Not_Found,Not_Found
154,"338 Avenue Del Oro, Half Moon Bay, CA 94019",Half Moon Bay,94019,CA,3,1975000,"Accent Homes, Inc.",Not_Found,2048221,https://www.zillow.com/homedetails/338-Avenue-Del-Oro-Half-Moon-Bay-CA-94019/2077840686_zpid/,"2,200",3, 2, 1, 0,Not_Found, Yes,"5,998", Single Family, No,2020, Public Utilities,Not_Found,Not_Found,Not_Found
155,"121 Canada Cove Ave 121, Half Moon Bay, CA 94019",Half Moon Bay,94019,CA,2,340000,KW Peninsula Estates,Not_Found,341789,https://www.zillow.com/homedetails/121-Canada-Cove-Ave-121-Half-Moon-Bay-CA-94019/2079551748_zpid/,"1,248",2, 2,Not_Found, 0,Not_Found, Yes,Not_Found, Mobile / Manufactured, No,1976, Public Utilities,Not_Found,Not_Found,Not_Found
156,"0 Dolores Ave, Half Moon Bay, CA 94019",Half Moon Bay,94019,CA,for,279000,"Accent Homes, Inc.",Not_Found,Not_Found,https://www.zillow.com/homedetails/0-Dolores-Ave-Half-Moon-Bay-CA-94019/2104643660_zpid/,Not_Found,Not_Found,Not_Found,Not_Found,Not_Found,Not_Found,Not_Found,Not_Found,Not_Found,Not_Found,Not_Found, Electricity - Not On Site,Not_Found,Not_Found,Not_Found
157,"57 Sailfish Ct 57, Half Moon Bay, CA 94019",Half Moon Bay,94019,CA,2,425000,Compass,Not_Found,Not_Found,https://www.zillow.com/homedetails/57-Sailfish-Ct-57-Half-Moon-Bay-CA-94019/2077843203_zpid/,"1,344",2, 2,Not_Found, 0,Not_Found,Not_Found,Not_Found, Mobile / Manufactured, No,1984," Individual Electric Meters, Public Utilities",Not_Found,Not_Found,Not_Found
158,"0 Hermosa Ave, Half Moon Bay, CA 94019",Half Moon Bay,94019,CA,for,289000,Compass,Not_Found,Not_Found,https://www.zillow.com/homedetails/0-Hermosa-Ave-Half-Moon-Bay-CA-94019/2110421717_zpid/,Not_Found,Not_Found,Not_Found,Not_Found,Not_Found,Not_Found,Not_Found,Not_Found,Not_Found,Not_Found,Not_Found, Public Utilities,Not_Found,Not_Found,Not_Found
159,"171 Shelter Cove Dr, Half Moon Bay, CA 94019",Half Moon Bay,94019,CA,0,1325000,Intero Real Estate Services, $118/mo,1296301,https://www.zillow.com/homedetails/171-Shelter-Cove-Dr-Half-Moon-Bay-CA-94019/15534378_zpid/,"2,670",0,Not_Found,Not_Found, 2,Not_Found,Not_Found,"5,641", Multiple Occupancy, No,1969, Public Utilities,84.74," $13,571"," $1,122,000"
160,"16610 Glenn Canyon Ct, Morgan Hill, CA 95037",Morgan Hill,95037,CA,4,1750000,KW Bay Area Estates, $104/mo,1775964,https://www.zillow.com/homedetails/16610-Glenn-Canyon-Ct-Morgan-Hill-CA-95037/54773005_zpid/,"4,130",5, 4, 1, 3, 1, Yes,0.49, Single Family, No,2004, Public Utilities,82.29," $18,515"," $1,561,949"
161,"16950 San Simeon Dr, Morgan Hill, CA 95037",Morgan Hill,95037,CA,4,1150000,Intero Real Estate Services, $85/mo,1190090,https://www.zillow.com/homedetails/16950-San-Simeon-Dr-Morgan-Hill-CA-95037/121042211_zpid/,"2,555",2, 2,Not_Found, 0,Not_Found, Yes,"5,214", Single Family, No,2014, Public Utilities,91.09," $11,334"," $958,800"
162,"505 Las Coches Ct, Morgan Hill, CA 95037",Morgan Hill,95037,CA,3,899980,Coldwell Banker Realty,Not_Found,925753,https://www.zillow.com/homedetails/505-Las-Coches-Ct-Morgan-Hill-CA-95037/19849140_zpid/,"1,575",2, 2,Not_Found, 2,Not_Found, Yes,"9,949", Single Family, No,1976, Public Utilities,70.29," $10,854"," $910,000"
163,"20015 Uvas Rd, Morgan Hill, CA 95037",Morgan Hill,95037,CA,3,1050000,"Kevin Collins, RE Broker",Not_Found,1074405,https://www.zillow.com/homedetails/20015-Uvas-Rd-Morgan-Hill-CA-95037/19846668_zpid/,"1,758",2, 2,Not_Found, 3, One Story,Not_Found,1.02, Single Family, No,1948,Not_Found,74.29," $1,202"," $95,189"
164,"15209 Monticello Way, Morgan Hill, CA 95037",Morgan Hill,95037,CA,5,1199000,RE/MAX Realty Partners,Not_Found,1228559,https://www.zillow.com/homedetails/15209-Monticello-Way-Morgan-Hill-CA-95037/19849551_zpid/,"2,716",3, 3,Not_Found, 2,Not_Found, Yes,"7,535", Single Family, No,1995, Public Utilities,75.06," $13,791"," $1,139,300"
165,"16961 Grapevine Ct, Morgan Hill, CA 95037",Morgan Hill,95037,CA,4,1049950,Intero Real Estate Services, $139/mo,1081474,https://www.zillow.com/homedetails/16961-Grapevine-Ct-Morgan-Hill-CA-95037/124743022_zpid/,"2,337",3, 3,Not_Found, 0,Not_Found,Not_Found,"6,682", Single Family, No,2015, Public Utilities,81.49," $11,228"," $949,780"
166,"570 E Central Ave, Morgan Hill, CA 95037",Morgan Hill,95037,CA,4,1200000,Compass, $56/mo,1229583,https://www.zillow.com/homedetails/570-E-Central-Ave-Morgan-Hill-CA-95037/19844108_zpid/,"2,456",3, 2, 1, 2,Not_Found, Yes,"7,692", Single Family, No,1999, Public Utilities,83.89," $10,900"," $921,923"
167,"17510 Hoot Owl Way, Morgan Hill, CA 95037",Morgan Hill,95037,CA,2,798800,Coldwell Banker Realty, $52/mo,814462,https://www.zillow.com/homedetails/17510-Hoot-Owl-Way-Morgan-Hill-CA-95037/19846324_zpid/,"1,062",1, 1,Not_Found, 2,Not_Found, Yes,0.37, Single Family, No,1953, Propane On Site,75.09," $3,565"," $289,515"
168,"17800 Woodland Ave, Morgan Hill, CA 95037",Morgan Hill,95037,CA,5,1895000,Coldwell Banker Realty,Not_Found,1922948,https://www.zillow.com/homedetails/17800-Woodland-Ave-Morgan-Hill-CA-95037/19847221_zpid/,"3,655",3, 2, 1, 4,Not_Found, Yes,1.11, Single Family, No,1973, Public Utilities,Not_Found," $8,203"," $684,119"
169,"15955 Oak Glen Ave, Morgan Hill, CA 95037",Morgan Hill,95037,CA,5,3195000,Sereno Group,Not_Found,3195029,https://www.zillow.com/homedetails/15955-Oak-Glen-Ave-Morgan-Hill-CA-95037/82954800_zpid/,"5,132",6, 5, 1, 5,Not_Found, Yes,1.96, Single Family, No,2006," Propane On Site, Generator",76.66," $39,814"," $3,381,300"
170,"221 Spring Ave, Morgan Hill, CA 95037",Morgan Hill,95037,CA,2,609999,Berkshire Hathaway HomeServices Drysdale Prop, $330/mo,620965,https://www.zillow.com/homedetails/221-Spring-Ave-Morgan-Hill-CA-95037/19848796_zpid/,"1,085",3, 2, 1, 1,Not_Found,Not_Found,"2,178", Condo, No,1998, Public Utilities,90.29," $3,844"," $316,540"
171,"8060 Croy Rd, Morgan Hill, CA 95037",Morgan Hill,95037,CA,1,280000,BRG Realty,Not_Found,3200,https://www.zillow.com/homedetails/8060-Croy-Rd-Morgan-Hill-CA-95037/19846978_zpid/,"1,000",1, 1,Not_Found, 0,Not_Found,Not_Found,10.19, Single Family, No,1979, Generator,Not_Found," $2,602"," $208,256"
172,"1560 Jasmine Way, Morgan Hill, CA 95037",Morgan Hill,95037,CA,4,879000,Coldwell Banker Realty,Not_Found,904394,https://www.zillow.com/homedetails/1560-Jasmine-Way-Morgan-Hill-CA-95037/19844927_zpid/,"1,296",2, 2,Not_Found, 2,Not_Found, Yes,"5,823", Single Family, No,1974, Public Utilities,81.49," $7,042"," $593,533"
173,"580 La Crosse Dr, Morgan Hill, CA 95037",Morgan Hill,95037,CA,4,1079999,Kasa Moreno Realty,Not_Found,1084871,https://www.zillow.com/homedetails/580-La-Crosse-Dr-Morgan-Hill-CA-95037/19849396_zpid/,"2,427",3, 2, 1, 2,Not_Found, Yes,"8,463", Single Family, No,1977, Public Utilities,74.29," $8,624"," $727,181"
174,"15095 Venetian Way, Morgan Hill, CA 95037",Morgan Hill,95037,CA,3,965000,Coldwell Banker Realty,Not_Found,988790,https://www.zillow.com/homedetails/15095-Venetian-Way-Morgan-Hill-CA-95037/19851595_zpid/,"2,188",3, 2, 1, 2,Not_Found, Yes,"5,301", Single Family, No,1978, Public Utilities,81.46," $1,750"," $142,089"
175,"17101 Kruse Ranch Ln, Morgan Hill, CA 95037",Morgan Hill,95037,CA,4,3950000,South County Realty Mh,Not_Found,3981600,https://www.zillow.com/homedetails/17101-Kruse-Ranch-Ln-Morgan-Hill-CA-95037/2103764525_zpid/,"2,600",3, 2, 1, 3,Not_Found, Yes,39.52, Single Family, No,1989," Propane On Site, Individual Electric Meters, Public Utilities",82.29,Not_Found,Not_Found
176,"1380 Jasmine Way, Morgan Hill, CA 95037",Morgan Hill,95037,CA,3,799000,Coldwell Banker Realty,Not_Found,828223,https://www.zillow.com/homedetails/1380-Jasmine-Way-Morgan-Hill-CA-95037/19844987_zpid/,"1,225",2, 2,Not_Found, 2, 1, Yes,"6,359", Single Family, No,1974, Public Utilities,76.69," $6,765"," $562,985"
177,"17148 Saint Anthony Dr, Morgan Hill, CA 95037",Morgan Hill,95037,CA,4,995000,Real Estate EBroker,Not_Found,833861,https://www.zillow.com/homedetails/17148-Saint-Anthony-Dr-Morgan-Hill-CA-95037/19843384_zpid/,"1,567",3, 2, 1, 2,Not_Found, Yes,"5,488", Single Family, No,1996, Public Utilities,82.29," $8,562"," $689,785"
178,"2740 Thomas Grade Ave, Morgan Hill, CA 95037",Morgan Hill,95037,CA,3,1024800,Coldwell Banker Realty, $34/mo,1050064,https://www.zillow.com/homedetails/2740-Thomas-Grade-Ave-Morgan-Hill-CA-95037/19845494_zpid/,"2,257",3, 2, 1, 2,Not_Found, Yes,0.43, Single Family, No,1981, Public Utilities,79.89," $8,410"," $708,499"
179,"17440 Holiday Dr, Morgan Hill, CA 95037",Morgan Hill,95037,CA,1,614950,Intero Real Estate Services, $51/mo,626017,https://www.zillow.com/homedetails/17440-Holiday-Dr-Morgan-Hill-CA-95037/19846313_zpid/,900,1, 1,Not_Found, 0,Not_Found, Yes,0.31, Single Family, No,1950, Public Utilities,78.29," $5,140"," $430,518"
180,"259 Jarvis Dr, Morgan Hill, CA 95037",Morgan Hill,95037,CA,3,840000,KW Bay Area Estates - Los Gatos, $190/mo,863806,https://www.zillow.com/homedetails/259-Jarvis-Dr-Morgan-Hill-CA-95037/89472924_zpid/,"1,462",3, 2, 1, 2,Not_Found,Not_Found,"2,635", Single Family, No,2013, Public Utilities,95.09," $10,327"," $841,500"
181,"355 Spring Ave, Morgan Hill, CA 95037",Morgan Hill,95037,CA,4,819950,Intero Real Estate Services,Not_Found,825828,https://www.zillow.com/homedetails/355-Spring-Ave-Morgan-Hill-CA-95037/112097534_zpid/,"1,512",2, 2,Not_Found, 2,Not_Found, Yes,"8,999", Single Family, No,1959, Public Utilities,81.49," $8,671"," $724,200"
182,"745 W Main Ave, Morgan Hill, CA 95037",Morgan Hill,95037,CA,3,949000,Compass,Not_Found,964210,https://www.zillow.com/homedetails/745-W-Main-Ave-Morgan-Hill-CA-95037/19848096_zpid/,"1,980",2, 2,Not_Found, 2,Not_Found, Yes,"7,997", Single Family, No,1959, Public Utilities,85.49," $5,411"," $453,652"
183,"16810 Sorrel Way, Morgan Hill, CA 95037",Morgan Hill,95037,CA,2,549000,Intero Real Estate Services, $366/mo,556216,https://www.zillow.com/homedetails/16810-Sorrel-Way-Morgan-Hill-CA-95037/19861543_zpid/,"1,104",2, 2,Not_Found, 1,Not_Found, Yes,"1,134", Condo, No,1987, Public Utilities,77.49," $6,622"," $561,000"
184,"17100 Saint Anne Ln, Morgan Hill, CA 95037",Morgan Hill,95037,CA,4,835000,Pacific Oak Real Estate Services, $126/mo,855538,https://www.zillow.com/homedetails/17100-Saint-Anne-Ln-Morgan-Hill-CA-95037/120788570_zpid/,"2,122",4, 3, 1, 2,Not_Found,Not_Found,"1,153", Condo, No,2013, Public Utilities,95.09," $7,648"," $648,313"
185,"255 Longview Dr, Morgan Hill, CA 95037",Morgan Hill,95037,CA,3,874500,Heritage Realty Group,Not_Found,917622,https://www.zillow.com/homedetails/255-Longview-Dr-Morgan-Hill-CA-95037/19847931_zpid/,"1,402",2, 2,Not_Found, 2,Not_Found, Yes,"6,599", Single Family, No,1959, Public Utilities,83.09," $9,479"," $799,954"
186,"43 Hencken Oaks Ln, Morgan Hill, CA 95037",Morgan Hill,95037,CA,3,759000,Intero Real Estate Services, $433/mo,775952,https://www.zillow.com/homedetails/43-Hencken-Oaks-Ln-Morgan-Hill-CA-95037/300481284_zpid/,"1,562",3, 2, 1, 0,Not_Found,Not_Found,"1,698", Single Family, No,2020, Public Utilities,Not_Found, $914," $70,644"
187,"1452 Painted Feather Dr, Morgan Hill, CA 95037",Morgan Hill,95037,CA,5,1459000,Keller Williams San Jose Gateway, $75/mo,1504688,https://www.zillow.com/homedetails/1452-Painted-Feather-Dr-Morgan-Hill-CA-95037/82954149_zpid/,"3,342",4, 3, 1, 6, 2, Yes,"9,208", Single Family, No,2007, Public Utilities,79.89," $14,616"," $1,236,364"
188,"19191 Saffron Dr, Morgan Hill, CA 95037",Morgan Hill,95037,CA,3,949900,Fireside Realty, $90/mo,975078,https://www.zillow.com/homedetails/19191-Saffron-Dr-Morgan-Hill-CA-95037/61323783_zpid/,"2,542",3, 2, 1, 2,Not_Found, Yes,"2,526", Single Family, No,2003, Public Utilities,91.09," $10,367"," $866,745"
189,"1010 White Cloud Dr, Morgan Hill, CA 95037",Morgan Hill,95037,CA,4,1099000,The Syndicate Real Estate Group,Not_Found,1126699,https://www.zillow.com/homedetails/1010-White-Cloud-Dr-Morgan-Hill-CA-95037/51075964_zpid/,"2,330",3, 3,Not_Found, 3,Not_Found, Yes,"7,034", Single Family, No,2000, Public Utilities,83.06," $12,712"," $1,038,360"
190,"13115 Uvas Rd, Morgan Hill, CA 95037",Morgan Hill,95037,CA,3,989000,Keller Williams Realty - Cupertino,Not_Found,1009712,https://www.zillow.com/homedetails/13115-Uvas-Rd-Morgan-Hill-CA-95037/153544136_zpid/,"1,600",3, 3,Not_Found, 0,Not_Found,Not_Found,4.58, Single Family, No,1900, Individual Electric Meters,Not_Found," $1,447"," $115,710"
191,"37 W Dunne Ave, Morgan Hill, CA 95037",Morgan Hill,95037,CA,4,869000,Intero Real Estate Services, $442/mo,893087,https://www.zillow.com/homedetails/37-W-Dunne-Ave-Morgan-Hill-CA-95037/300481976_zpid/,"1,724",3, 2, 1, 0,Not_Found,Not_Found,"3,158", Single Family, No,2020, Public Utilities,Not_Found, $914," $70,644"
192,"0 Croy Rd, Morgan Hill, CA 95037",Morgan Hill,95037,CA,for,250000,John R. Motter Realty,Not_Found,314989,https://www.zillow.com/homedetails/0-Croy-Rd-Morgan-Hill-CA-95037/2104982165_zpid/,Not_Found,Not_Found,Not_Found,Not_Found,Not_Found,Not_Found,Not_Found,Not_Found,Not_Found,Not_Found,Not_Found, Gas - Available at Street,Not_Found,Not_Found,Not_Found
193,"16765 Oak View Cir, Morgan Hill, CA 95037",Morgan Hill,95037,CA,5,1549000,Coldwell Banker Realty, $28/mo,1604153,https://www.zillow.com/homedetails/16765-Oak-View-Cir-Morgan-Hill-CA-95037/19845723_zpid/,"4,510",5, 4, 1, 3,Not_Found, Yes,0.56, Single Family, No,1977, Public Utilities,Not_Found," $17,003"," $1,441,247"
194,"2151 Green Acres Ln, Morgan Hill, CA 95037",Morgan Hill,95037,CA,4,2400000,Sereno Group,Not_Found,2400019,https://www.zillow.com/homedetails/2151-Green-Acres-Ln-Morgan-Hill-CA-95037/19851024_zpid/,"5,508",5, 4, 1, 3,Not_Found, Yes,0.89, Single Family, No,1978, Propane On Site,81.49," $19,539"," $1,694,033"
195,"275 Burnett Ave 31, Morgan Hill, CA 95037",Morgan Hill,95037,CA,2,179000,Alliance Manufactured Homes,Not_Found,179022,https://www.zillow.com/homedetails/275-Burnett-Ave-31-Morgan-Hill-CA-95037/2078758441_zpid/,"1,248",2, 2,Not_Found, 0,Not_Found,Not_Found,Not_Found, Mobile / Manufactured, No,1976,Not_Found,Not_Found,Not_Found,Not_Found
196,"827 Weichert Dr, Morgan Hill, CA 95037",Morgan Hill,95037,CA,4,1325000,Compass,Not_Found,1363279,https://www.zillow.com/homedetails/827-Weichert-Dr-Morgan-Hill-CA-95037/153539003_zpid/,"2,917",3, 3,Not_Found, 3,Not_Found,Not_Found,"10,371", Single Family, No,1994, Public Utilities,85.49," $7,815"," $647,465"
197,"0 Armsby Ln, Morgan Hill, CA 95037",Morgan Hill,95037,CA,for,200000,Coldwell Banker Realty, $400/mo,3025,https://www.zillow.com/homedetails/0-Armsby-Ln-Morgan-Hill-CA-95037/2106064071_zpid/,Not_Found,Not_Found,Not_Found,Not_Found,Not_Found,Not_Found,Not_Found,Not_Found,Not_Found,Not_Found,Not_Found," Electricity - Available at Street, Available - Not On Site",Not_Found,Not_Found,Not_Found
198,"14520 Sunnybrook Ct, Morgan Hill, CA 95037",Morgan Hill,95037,CA,5,1249000,Coldwell Banker Realty,Not_Found,1340127,https://www.zillow.com/homedetails/14520-Sunnybrook-Ct-Morgan-Hill-CA-95037/19851727_zpid/,"3,188",3, 3,Not_Found, 3,Not_Found, Yes,0.29, Single Family, No,1977," Public Utilities, Natural Gas",78.26," $5,675"," $476,167"
199,"2295 Rolling Hills Dr, Morgan Hill, CA 95037",Morgan Hill,95037,CA,for,899000,Intero Real Estate Services,Not_Found,Not_Found,https://www.zillow.com/homedetails/2295-Rolling-Hills-Dr-Morgan-Hill-CA-95037/2077713596_zpid/,Not_Found,Not_Found,Not_Found,Not_Found,Not_Found,Not_Found,Not_Found,Not_Found,Not_Found,Not_Found,Not_Found, Electricity - On Site,Not_Found,Not_Found,Not_Found
